hour_of_day,cash_type,money,coffee_name,Time_of_Day,Weekday,Month_name,Weekdaysort,Monthsort,Date,Time,order_id
10,card,38.7,Latte,Morning,Fri,Mar,5,3,01-03-2024,15:50.5,1
12,card,38.7,Hot Chocolate,Afternoon,Fri,Mar,5,3,01-03-2024,19:22.5,2
12,card,38.7,Hot Chocolate,Afternoon,Fri,Mar,5,3,01-03-2024,20:18.1,3
13,card,28.9,Americano,Afternoon,Fri,Mar,5,3,01-03-2024,46:33.0,4
13,card,38.7,Latte,Afternoon,Fri,Mar,5,3,01-03-2024,48:14.6,5
15,card,33.8,Americano with Milk,Afternoon,Fri,Mar,5,3,01-03-2024,39:47.7,6
16,card,38.7,Hot Chocolate,Afternoon,Fri,Mar,5,3,01-03-2024,19:02.8,7
18,card,33.8,Americano with Milk,Night,Fri,Mar,5,3,01-03-2024,39:03.6,8
19,card,38.7,Cocoa,Night,Fri,Mar,5,3,01-03-2024,22:01.8,9
19,card,33.8,Americano with Milk,Night,Fri,Mar,5,3,01-03-2024,23:15.9,10
19,card,33.8,Americano with Milk,Night,Fri,Mar,5,3,01-03-2024,29:17.4,11
10,card,28.9,Americano,Morning,Sat,Mar,6,3,02-03-2024,22:07.0,12
10,card,33.8,Americano with Milk,Morning,Sat,Mar,6,3,02-03-2024,41:41.2,13
11,card,33.8,Americano with Milk,Morning,Sat,Mar,6,3,02-03-2024,59:45.5,14
14,card,28.9,Americano,Afternoon,Sat,Mar,6,3,02-03-2024,38:35.5,15
16,card,33.8,Americano with Milk,Afternoon,Sat,Mar,6,3,02-03-2024,37:24.5,16
17,card,28.9,Americano,Night,Sat,Mar,6,3,02-03-2024,34:55.0,17
10,card,38.7,Latte,Morning,Sun,Mar,7,3,03-03-2024,27:18.6,18
11,card,28.9,Cortado,Morning,Sun,Mar,7,3,03-03-2024,33:56.1,19
12,card,28.9,Americano,Afternoon,Sun,Mar,7,3,03-03-2024,26:56.1,20
13,card,38.7,Hot Chocolate,Afternoon,Sun,Mar,7,3,03-03-2024,09:36.3,21
17,card,38.7,Cocoa,Night,Sun,Mar,7,3,03-03-2024,06:40.3,22
17,card,28.9,Cortado,Night,Sun,Mar,7,3,03-03-2024,08:45.9,23
18,card,33.8,Americano with Milk,Night,Sun,Mar,7,3,03-03-2024,03:23.4,24
18,card,33.8,Americano with Milk,Night,Sun,Mar,7,3,03-03-2024,04:27.9,25
18,card,38.7,Hot Chocolate,Night,Sun,Mar,7,3,03-03-2024,08:05.0,26
10,card,38.7,Latte,Morning,Mon,Mar,1,3,04-03-2024,03:52.0,27
10,card,38.7,Latte,Morning,Mon,Mar,1,3,04-03-2024,54:51.0,28
11,card,33.8,Americano with Milk,Morning,Mon,Mar,1,3,04-03-2024,05:16.2,29
14,card,24,Espresso,Afternoon,Mon,Mar,1,3,04-03-2024,04:37.7,30
9,card,38.7,Latte,Morning,Tue,Mar,2,3,05-03-2024,59:52.7,31
14,card,38.7,Latte,Afternoon,Tue,Mar,2,3,05-03-2024,34:56.0,32
17,card,38.7,Latte,Night,Tue,Mar,2,3,05-03-2024,34:06.0,33
17,card,38.7,Hot Chocolate,Night,Tue,Mar,2,3,05-03-2024,35:25.0,34
17,card,38.7,Cocoa,Night,Tue,Mar,2,3,05-03-2024,36:28.6,35
17,card,38.7,Hot Chocolate,Night,Tue,Mar,2,3,05-03-2024,37:13.7,36
17,card,38.7,Hot Chocolate,Night,Tue,Mar,2,3,05-03-2024,38:09.4,37
17,card,28.9,Cortado,Night,Tue,Mar,2,3,05-03-2024,56:15.8,38
18,card,38.7,Hot Chocolate,Night,Tue,Mar,2,3,05-03-2024,01:31.2,39
13,card,28.9,Americano,Afternoon,Wed,Mar,3,3,06-03-2024,24:07.7,40
13,card,28.9,Cortado,Afternoon,Wed,Mar,3,3,06-03-2024,25:14.4,41
14,card,38.7,Cappuccino,Afternoon,Wed,Mar,3,3,06-03-2024,52:01.8,42
14,card,38.7,Cappuccino,Afternoon,Wed,Mar,3,3,06-03-2024,53:18.3,43
10,card,38.7,Hot Chocolate,Morning,Thu,Mar,4,3,07-03-2024,18:40.5,44
11,card,38.7,Latte,Morning,Thu,Mar,4,3,07-03-2024,03:59.0,45
15,card,28.9,Americano,Afternoon,Thu,Mar,4,3,07-03-2024,40:22.6,46
15,card,33.8,Americano with Milk,Afternoon,Thu,Mar,4,3,07-03-2024,41:28.8,47
10,card,28.9,Cortado,Morning,Fri,Mar,5,3,08-03-2024,34:41.3,48
12,card,38.7,Cappuccino,Afternoon,Fri,Mar,5,3,08-03-2024,22:28.7,49
13,card,28.9,Americano,Afternoon,Fri,Mar,5,3,08-03-2024,53:02.0,50
14,card,28.9,Americano,Afternoon,Fri,Mar,5,3,08-03-2024,44:12.7,51
14,card,28.9,Americano,Afternoon,Fri,Mar,5,3,08-03-2024,45:11.0,52
14,card,33.8,Americano with Milk,Afternoon,Fri,Mar,5,3,08-03-2024,46:11.2,53
18,card,38.7,Latte,Night,Fri,Mar,5,3,08-03-2024,57:51.5,54
18,card,38.7,Latte,Night,Fri,Mar,5,3,08-03-2024,59:24.9,55
12,card,24,Espresso,Afternoon,Sat,Mar,6,3,09-03-2024,05:15.6,56
12,card,28.9,Americano,Afternoon,Sat,Mar,6,3,09-03-2024,07:38.3,57
12,card,38.7,Cappuccino,Afternoon,Sat,Mar,6,3,09-03-2024,09:47.7,58
12,card,28.9,Americano,Afternoon,Sat,Mar,6,3,09-03-2024,13:03.5,59
12,card,28.9,Americano,Afternoon,Sat,Mar,6,3,09-03-2024,14:26.5,60
13,card,38.7,Latte,Afternoon,Sat,Mar,6,3,09-03-2024,09:22.2,61
13,card,33.8,Americano with Milk,Afternoon,Sat,Mar,6,3,09-03-2024,41:06.2,62
13,card,28.9,Cortado,Afternoon,Sat,Mar,6,3,09-03-2024,53:10.4,63
13,card,38.7,Cappuccino,Afternoon,Sat,Mar,6,3,09-03-2024,54:36.8,64
14,card,33.8,Americano with Milk,Afternoon,Sat,Mar,6,3,09-03-2024,08:01.8,65
14,card,38.7,Hot Chocolate,Afternoon,Sat,Mar,6,3,09-03-2024,26:52.9,66
19,card,38.7,Cappuccino,Night,Sat,Mar,6,3,09-03-2024,17:57.6,67
19,card,38.7,Hot Chocolate,Night,Sat,Mar,6,3,09-03-2024,19:10.1,68
11,card,24,Espresso,Morning,Sun,Mar,7,3,10-03-2024,19:20.8,69
19,card,38.7,Latte,Night,Sun,Mar,7,3,10-03-2024,34:00.5,70
19,card,28.9,Cortado,Night,Sun,Mar,7,3,10-03-2024,35:54.7,71
11,card,38.7,Cappuccino,Morning,Mon,Mar,1,3,11-03-2024,32:58.8,72
16,card,28.9,Americano,Afternoon,Mon,Mar,1,3,11-03-2024,24:26.4,73
16,card,38.7,Latte,Afternoon,Mon,Mar,1,3,11-03-2024,25:45.7,74
16,card,28.9,Cortado,Afternoon,Mon,Mar,1,3,11-03-2024,50:49.6,75
10,card,28.9,Americano,Morning,Tue,Mar,2,3,12-03-2024,15:34.5,76
10,card,28.9,Cortado,Morning,Tue,Mar,2,3,12-03-2024,16:24.9,77
11,card,38.7,Hot Chocolate,Morning,Tue,Mar,2,3,12-03-2024,20:45.6,78
12,card,33.8,Americano with Milk,Afternoon,Tue,Mar,2,3,12-03-2024,46:23.3,79
12,card,28.9,Americano,Afternoon,Tue,Mar,2,3,12-03-2024,47:26.0,80
16,card,28.9,Americano,Afternoon,Tue,Mar,2,3,12-03-2024,15:43.3,81
11,card,38.7,Hot Chocolate,Morning,Wed,Mar,3,3,13-03-2024,06:43.0,82
11,card,28.9,Americano,Morning,Wed,Mar,3,3,13-03-2024,48:16.8,83
12,card,28.9,Americano,Afternoon,Wed,Mar,3,3,13-03-2024,18:06.3,84
12,card,28.9,Americano,Afternoon,Wed,Mar,3,3,13-03-2024,19:05.1,85
14,card,33.8,Americano with Milk,Afternoon,Wed,Mar,3,3,13-03-2024,26:40.9,86
15,card,24,Espresso,Afternoon,Wed,Mar,3,3,13-03-2024,40:22.3,87
15,card,24,Espresso,Afternoon,Wed,Mar,3,3,13-03-2024,41:20.4,88
16,card,24,Espresso,Afternoon,Wed,Mar,3,3,13-03-2024,47:09.4,89
10,card,38.7,Latte,Morning,Thu,Mar,4,3,14-03-2024,28:33.0,90
10,card,38.7,Hot Chocolate,Morning,Thu,Mar,4,3,14-03-2024,29:34.3,91
13,card,28.9,Cortado,Afternoon,Thu,Mar,4,3,14-03-2024,27:29.5,92
13,card,28.9,Americano,Afternoon,Thu,Mar,4,3,14-03-2024,28:24.5,93
13,card,33.8,Americano with Milk,Afternoon,Thu,Mar,4,3,14-03-2024,51:59.9,94
13,card,24,Espresso,Afternoon,Thu,Mar,4,3,14-03-2024,52:56.2,95
15,card,38.7,Latte,Afternoon,Thu,Mar,4,3,14-03-2024,20:38.4,96
16,card,33.8,Americano with Milk,Afternoon,Thu,Mar,4,3,14-03-2024,04:09.5,97
16,card,24,Espresso,Afternoon,Thu,Mar,4,3,14-03-2024,54:38.2,98
18,card,38.7,Hot Chocolate,Night,Thu,Mar,4,3,14-03-2024,58:55.9,99
19,card,28.9,Cortado,Night,Thu,Mar,4,3,14-03-2024,00:08.7,100
10,card,38.7,Hot Chocolate,Morning,Fri,Mar,5,3,15-03-2024,53:02.2,101
18,card,28.9,Americano,Night,Fri,Mar,5,3,15-03-2024,19:27.9,102
12,card,33.8,Americano with Milk,Afternoon,Sat,Mar,6,3,16-03-2024,06:55.2,103
12,card,28.9,Americano,Afternoon,Sat,Mar,6,3,16-03-2024,07:53.9,104
15,card,28.9,Cortado,Afternoon,Sat,Mar,6,3,16-03-2024,58:18.5,105
16,card,28.9,Cortado,Afternoon,Sat,Mar,6,3,16-03-2024,03:21.7,106
16,card,28.9,Cortado,Afternoon,Sat,Mar,6,3,16-03-2024,04:11.4,107
17,card,33.8,Americano with Milk,Night,Sat,Mar,6,3,16-03-2024,58:07.2,108
12,card,28.9,Cortado,Afternoon,Sun,Mar,7,3,17-03-2024,55:26.1,109
11,card,28.9,Cortado,Morning,Mon,Mar,1,3,18-03-2024,17:59.7,110
15,card,28.9,Americano,Afternoon,Mon,Mar,1,3,18-03-2024,31:39.7,111
15,card,28.9,Americano,Afternoon,Mon,Mar,1,3,18-03-2024,32:38.2,112
15,card,28.9,Americano,Afternoon,Mon,Mar,1,3,18-03-2024,33:36.7,113
14,card,38.7,Latte,Afternoon,Tue,Mar,2,3,19-03-2024,02:21.5,114
14,card,38.7,Latte,Afternoon,Tue,Mar,2,3,19-03-2024,03:19.8,115
15,card,38.7,Hot Chocolate,Afternoon,Tue,Mar,2,3,19-03-2024,04:36.3,116
16,card,33.8,Americano with Milk,Afternoon,Tue,Mar,2,3,19-03-2024,53:48.7,117
11,card,28.9,Cortado,Morning,Wed,Mar,3,3,20-03-2024,41:16.4,118
12,card,28.9,Cortado,Afternoon,Wed,Mar,3,3,20-03-2024,30:49.0,119
13,card,38.7,Cappuccino,Afternoon,Wed,Mar,3,3,20-03-2024,16:47.4,120
16,card,38.7,Cocoa,Afternoon,Wed,Mar,3,3,20-03-2024,42:38.1,121
17,card,38.7,Latte,Night,Wed,Mar,3,3,20-03-2024,50:28.8,122
12,card,28.9,Cortado,Afternoon,Thu,Mar,4,3,21-03-2024,25:09.2,123
12,card,38.7,Cappuccino,Afternoon,Thu,Mar,4,3,21-03-2024,26:17.4,124
17,card,28.9,Cortado,Night,Thu,Mar,4,3,21-03-2024,22:01.4,125
19,card,38.7,Latte,Night,Thu,Mar,4,3,21-03-2024,20:36.5,126
10,card,33.8,Americano with Milk,Morning,Fri,Mar,5,3,22-03-2024,35:53.6,127
13,card,33.8,Americano with Milk,Afternoon,Fri,Mar,5,3,22-03-2024,29:20.3,128
17,card,28.9,Americano,Night,Fri,Mar,5,3,22-03-2024,17:03.7,129
17,card,24,Espresso,Night,Fri,Mar,5,3,22-03-2024,17:59.0,130
17,card,28.9,Americano,Night,Fri,Mar,5,3,22-03-2024,20:49.5,131
10,card,38.7,Latte,Morning,Sat,Mar,6,3,23-03-2024,43:59.6,132
10,card,33.8,Americano with Milk,Morning,Sat,Mar,6,3,23-03-2024,45:07.2,133
13,card,38.7,Cappuccino,Afternoon,Sat,Mar,6,3,23-03-2024,10:07.7,134
13,card,38.7,Cocoa,Afternoon,Sat,Mar,6,3,23-03-2024,11:12.2,135
14,card,33.8,Americano with Milk,Afternoon,Sat,Mar,6,3,23-03-2024,44:41.3,136
15,card,38.7,Latte,Afternoon,Sat,Mar,6,3,23-03-2024,47:19.1,137
15,card,33.8,Americano with Milk,Afternoon,Sat,Mar,6,3,23-03-2024,49:33.8,138
16,card,28.9,Cortado,Afternoon,Sat,Mar,6,3,23-03-2024,00:58.4,139
18,card,38.7,Latte,Night,Sun,Mar,7,3,24-03-2024,45:08.4,140
10,card,38.7,Latte,Morning,Mon,Mar,1,3,25-03-2024,31:47.2,141
14,card,38.7,Latte,Afternoon,Mon,Mar,1,3,25-03-2024,27:09.2,142
14,card,38.7,Latte,Afternoon,Mon,Mar,1,3,25-03-2024,29:25.3,143
18,card,33.8,Americano with Milk,Night,Mon,Mar,1,3,25-03-2024,37:30.7,144
19,card,38.7,Cappuccino,Night,Mon,Mar,1,3,25-03-2024,34:24.5,145
10,card,38.7,Cocoa,Morning,Tue,Mar,2,3,26-03-2024,35:49.7,146
10,card,38.7,Latte,Morning,Tue,Mar,2,3,26-03-2024,36:36.2,147
10,card,38.7,Latte,Morning,Tue,Mar,2,3,26-03-2024,42:30.2,148
11,card,28.9,Cortado,Morning,Tue,Mar,2,3,26-03-2024,11:47.3,149
13,card,28.9,Americano,Afternoon,Tue,Mar,2,3,26-03-2024,35:52.8,150
13,card,28.9,Cortado,Afternoon,Tue,Mar,2,3,26-03-2024,36:49.6,151
13,card,28.9,Cortado,Afternoon,Tue,Mar,2,3,26-03-2024,37:59.7,152
13,card,28.9,Americano,Afternoon,Tue,Mar,2,3,26-03-2024,57:53.7,153
15,card,38.7,Latte,Afternoon,Tue,Mar,2,3,26-03-2024,48:02.3,154
18,card,38.7,Latte,Night,Tue,Mar,2,3,26-03-2024,33:38.6,155
18,card,38.7,Hot Chocolate,Night,Tue,Mar,2,3,26-03-2024,34:54.6,156
11,card,28.9,Cortado,Morning,Wed,Mar,3,3,27-03-2024,04:51.2,157
11,card,33.8,Americano with Milk,Morning,Wed,Mar,3,3,27-03-2024,05:58.2,158
12,card,33.8,Americano with Milk,Afternoon,Wed,Mar,3,3,27-03-2024,57:00.5,159
13,card,38.7,Hot Chocolate,Afternoon,Wed,Mar,3,3,27-03-2024,35:20.0,160
14,card,38.7,Cappuccino,Afternoon,Wed,Mar,3,3,27-03-2024,22:31.7,161
14,card,28.9,Americano,Afternoon,Wed,Mar,3,3,27-03-2024,23:35.4,162
18,card,28.9,Cortado,Night,Wed,Mar,3,3,27-03-2024,30:11.8,163
14,card,28.9,Cortado,Afternoon,Thu,Mar,4,3,28-03-2024,24:47.1,164
17,card,28.9,Cortado,Night,Thu,Mar,4,3,28-03-2024,24:46.2,165
17,card,28.9,Americano,Night,Thu,Mar,4,3,28-03-2024,27:05.3,166
17,card,38.7,Latte,Night,Thu,Mar,4,3,28-03-2024,32:44.7,167
10,card,38.7,Latte,Morning,Fri,Mar,5,3,29-03-2024,56:19.5,168
12,card,38.7,Cappuccino,Afternoon,Fri,Mar,5,3,29-03-2024,34:17.4,169
12,card,38.7,Cappuccino,Afternoon,Fri,Mar,5,3,29-03-2024,41:32.1,170
11,card,38.7,Latte,Morning,Sat,Mar,6,3,30-03-2024,59:19.9,171
16,card,38.7,Latte,Afternoon,Sat,Mar,6,3,30-03-2024,12:31.8,172
16,card,38.7,Latte,Afternoon,Sat,Mar,6,3,30-03-2024,36:40.5,173
16,card,33.8,Americano with Milk,Afternoon,Sat,Mar,6,3,30-03-2024,37:57.6,174
10,card,38.7,Cappuccino,Morning,Sun,Mar,7,3,31-03-2024,40:04.5,175
10,card,28.9,Americano,Morning,Mon,Apr,1,4,01-04-2024,28:47.6,176
10,card,33.8,Americano with Milk,Morning,Mon,Apr,1,4,01-04-2024,29:42.3,177
10,card,33.8,Americano with Milk,Morning,Mon,Apr,1,4,01-04-2024,30:43.7,178
11,card,33.8,Americano with Milk,Morning,Mon,Apr,1,4,01-04-2024,15:43.8,179
18,card,33.8,Americano with Milk,Night,Mon,Apr,1,4,01-04-2024,18:42.4,180
18,card,38.7,Hot Chocolate,Night,Mon,Apr,1,4,01-04-2024,45:27.4,181
10,card,38.7,Latte,Morning,Tue,Apr,2,4,02-04-2024,01:14.0,182
16,card,28.9,Americano,Afternoon,Tue,Apr,2,4,02-04-2024,18:34.2,183
16,card,28.9,Cortado,Afternoon,Tue,Apr,2,4,02-04-2024,19:28.5,184
10,card,28.9,Cortado,Morning,Wed,Apr,3,4,03-04-2024,19:13.6,185
10,card,28.9,Americano,Morning,Wed,Apr,3,4,03-04-2024,20:07.7,186
13,card,38.7,Cappuccino,Afternoon,Wed,Apr,3,4,03-04-2024,12:05.4,187
10,card,38.7,Latte,Morning,Thu,Apr,4,4,04-04-2024,44:56.0,188
11,card,38.7,Latte,Morning,Thu,Apr,4,4,04-04-2024,26:38.1,189
11,card,38.7,Cappuccino,Morning,Thu,Apr,4,4,04-04-2024,27:48.4,190
12,card,28.9,Cortado,Afternoon,Thu,Apr,4,4,04-04-2024,23:02.2,191
10,card,28.9,Americano,Morning,Fri,Apr,5,4,05-04-2024,40:42.7,192
10,card,28.9,Americano,Morning,Fri,Apr,5,4,05-04-2024,42:06.2,193
11,card,28.9,Cortado,Morning,Fri,Apr,5,4,05-04-2024,06:14.6,194
12,card,33.8,Americano with Milk,Afternoon,Fri,Apr,5,4,05-04-2024,14:28.0,195
14,card,38.7,Latte,Afternoon,Fri,Apr,5,4,05-04-2024,23:40.4,196
14,card,28.9,Cortado,Afternoon,Fri,Apr,5,4,05-04-2024,24:50.4,197
16,card,24,Espresso,Afternoon,Fri,Apr,5,4,05-04-2024,18:23.6,198
12,card,33.8,Americano with Milk,Afternoon,Sat,Apr,6,4,06-04-2024,32:31.4,199
14,card,38.7,Cappuccino,Afternoon,Sat,Apr,6,4,06-04-2024,13:18.7,200
14,card,28.9,Americano,Afternoon,Sat,Apr,6,4,06-04-2024,14:27.0,201
14,card,38.7,Latte,Afternoon,Sat,Apr,6,4,06-04-2024,49:50.2,202
10,card,38.7,Latte,Morning,Sun,Apr,7,4,07-04-2024,12:53.2,203
12,card,38.7,Cappuccino,Afternoon,Sun,Apr,7,4,07-04-2024,44:31.9,204
12,card,38.7,Cappuccino,Afternoon,Sun,Apr,7,4,07-04-2024,46:05.1,205
14,card,28.9,Cortado,Afternoon,Sun,Apr,7,4,07-04-2024,16:24.9,206
14,card,24,Espresso,Afternoon,Sun,Apr,7,4,07-04-2024,17:30.6,207
18,card,38.7,Hot Chocolate,Night,Sun,Apr,7,4,07-04-2024,01:16.6,208
18,card,33.8,Americano with Milk,Night,Sun,Apr,7,4,07-04-2024,02:03.9,209
10,card,33.8,Americano with Milk,Morning,Mon,Apr,1,4,08-04-2024,58:21.1,210
10,card,38.7,Cappuccino,Morning,Mon,Apr,1,4,08-04-2024,59:27.6,211
11,card,28.9,Americano,Morning,Mon,Apr,1,4,08-04-2024,01:20.5,212
11,card,38.7,Cappuccino,Morning,Mon,Apr,1,4,08-04-2024,04:47.0,213
16,card,38.7,Latte,Afternoon,Mon,Apr,1,4,08-04-2024,41:37.8,214
18,card,28.9,Americano,Night,Mon,Apr,1,4,08-04-2024,18:09.7,215
19,card,33.8,Americano with Milk,Night,Mon,Apr,1,4,08-04-2024,22:27.5,216
19,card,38.7,Cappuccino,Night,Mon,Apr,1,4,08-04-2024,23:59.3,217
11,card,38.7,Latte,Morning,Tue,Apr,2,4,09-04-2024,42:28.5,218
15,card,38.7,Hot Chocolate,Afternoon,Tue,Apr,2,4,09-04-2024,11:48.7,219
17,card,38.7,Hot Chocolate,Night,Tue,Apr,2,4,09-04-2024,25:23.9,220
17,card,24,Espresso,Night,Wed,Apr,3,4,10-04-2024,55:31.2,221
18,card,38.7,Cappuccino,Night,Wed,Apr,3,4,10-04-2024,24:59.3,222
20,card,38.7,Latte,Night,Wed,Apr,3,4,10-04-2024,04:05.4,223
10,card,28.9,Americano,Morning,Thu,Apr,4,4,11-04-2024,41:23.2,224
10,card,28.9,Americano,Morning,Thu,Apr,4,4,11-04-2024,42:59.4,225
16,card,38.7,Latte,Afternoon,Thu,Apr,4,4,11-04-2024,35:23.1,226
19,card,38.7,Cappuccino,Night,Thu,Apr,4,4,11-04-2024,16:56.6,227
19,card,33.8,Americano with Milk,Night,Thu,Apr,4,4,11-04-2024,18:36.6,228
19,card,38.7,Hot Chocolate,Night,Fri,Apr,5,4,12-04-2024,03:43.4,229
19,card,28.9,Cortado,Night,Fri,Apr,5,4,12-04-2024,38:23.2,230
12,card,38.7,Latte,Afternoon,Sat,Apr,6,4,13-04-2024,29:19.8,231
12,card,28.9,Americano,Afternoon,Sat,Apr,6,4,13-04-2024,43:02.4,232
16,card,38.7,Cappuccino,Afternoon,Sat,Apr,6,4,13-04-2024,18:03.9,233
16,card,38.7,Latte,Afternoon,Sat,Apr,6,4,13-04-2024,19:39.8,234
17,card,38.7,Cappuccino,Night,Sat,Apr,6,4,13-04-2024,51:26.0,235
17,card,38.7,Cappuccino,Night,Sat,Apr,6,4,13-04-2024,53:19.2,236
12,card,38.7,Cappuccino,Afternoon,Sun,Apr,7,4,14-04-2024,24:39.0,237
13,card,28.9,Cortado,Afternoon,Sun,Apr,7,4,14-04-2024,21:49.8,238
14,card,28.9,Americano,Afternoon,Sun,Apr,7,4,14-04-2024,23:31.6,239
14,card,28.9,Americano,Afternoon,Sun,Apr,7,4,14-04-2024,24:26.9,240
14,card,28.9,Americano,Afternoon,Sun,Apr,7,4,14-04-2024,25:18.1,241
15,card,38.7,Cappuccino,Afternoon,Sun,Apr,7,4,14-04-2024,46:27.7,242
16,card,28.9,Cortado,Afternoon,Sun,Apr,7,4,14-04-2024,59:54.8,243
17,card,38.7,Latte,Night,Sun,Apr,7,4,14-04-2024,00:45.4,244
18,card,38.7,Cappuccino,Night,Sun,Apr,7,4,14-04-2024,38:19.6,245
11,card,28.9,Americano,Morning,Mon,Apr,1,4,15-04-2024,45:24.6,246
17,card,28.9,Americano,Night,Mon,Apr,1,4,15-04-2024,01:46.4,247
17,card,33.8,Americano with Milk,Night,Mon,Apr,1,4,15-04-2024,02:49.7,248
19,card,33.8,Americano with Milk,Night,Mon,Apr,1,4,15-04-2024,33:03.0,249
10,card,33.8,Americano with Milk,Morning,Tue,Apr,2,4,16-04-2024,46:25.7,250
12,card,38.7,Cocoa,Afternoon,Tue,Apr,2,4,16-04-2024,40:47.7,251
12,card,28.9,Cortado,Afternoon,Tue,Apr,2,4,16-04-2024,52:07.8,252
15,card,28.9,Americano,Afternoon,Tue,Apr,2,4,16-04-2024,03:16.9,253
17,card,33.8,Americano with Milk,Night,Tue,Apr,2,4,16-04-2024,42:04.2,254
17,card,38.7,Cappuccino,Night,Tue,Apr,2,4,16-04-2024,43:23.0,255
18,card,38.7,Cocoa,Night,Tue,Apr,2,4,16-04-2024,09:05.3,256
13,card,28.9,Americano,Afternoon,Wed,Apr,3,4,17-04-2024,32:59.8,257
13,card,24,Espresso,Afternoon,Wed,Apr,3,4,17-04-2024,44:00.2,258
17,card,38.7,Cappuccino,Night,Wed,Apr,3,4,17-04-2024,01:35.1,259
17,card,38.7,Cappuccino,Night,Wed,Apr,3,4,17-04-2024,02:40.7,260
18,card,28.9,Cortado,Night,Wed,Apr,3,4,17-04-2024,14:03.2,261
11,card,28.9,Americano,Morning,Thu,Apr,4,4,18-04-2024,19:01.7,262
11,card,28.9,Americano,Morning,Thu,Apr,4,4,18-04-2024,20:05.7,263
13,card,33.8,Americano with Milk,Afternoon,Thu,Apr,4,4,18-04-2024,49:12.7,264
13,card,28.9,Cortado,Afternoon,Thu,Apr,4,4,18-04-2024,50:17.3,265
14,card,38.7,Cappuccino,Afternoon,Thu,Apr,4,4,18-04-2024,34:19.8,266
14,card,38.7,Latte,Afternoon,Thu,Apr,4,4,18-04-2024,35:49.4,267
17,card,38.7,Latte,Night,Thu,Apr,4,4,18-04-2024,44:15.8,268
18,card,38.7,Cappuccino,Night,Thu,Apr,4,4,18-04-2024,21:05.9,269
19,card,38.7,Hot Chocolate,Night,Thu,Apr,4,4,18-04-2024,39:51.2,270
19,card,38.7,Hot Chocolate,Night,Thu,Apr,4,4,18-04-2024,40:49.0,271
10,card,38.7,Latte,Morning,Fri,Apr,5,4,19-04-2024,10:36.3,272
13,card,33.8,Americano with Milk,Afternoon,Fri,Apr,5,4,19-04-2024,11:47.8,273
13,card,38.7,Cappuccino,Afternoon,Fri,Apr,5,4,19-04-2024,13:20.9,274
13,card,38.7,Hot Chocolate,Afternoon,Fri,Apr,5,4,19-04-2024,58:54.1,275
13,card,38.7,Cappuccino,Afternoon,Fri,Apr,5,4,19-04-2024,59:49.7,276
18,card,38.7,Cocoa,Night,Fri,Apr,5,4,19-04-2024,23:19.3,277
18,card,33.8,Americano with Milk,Night,Fri,Apr,5,4,19-04-2024,25:33.4,278
12,card,33.8,Americano with Milk,Afternoon,Sat,Apr,6,4,20-04-2024,08:35.7,279
12,card,33.8,Americano with Milk,Afternoon,Sat,Apr,6,4,20-04-2024,09:42.7,280
13,card,28.9,Americano,Afternoon,Sat,Apr,6,4,20-04-2024,08:37.4,281
13,card,33.8,Americano with Milk,Afternoon,Sat,Apr,6,4,20-04-2024,09:47.9,282
13,card,38.7,Hot Chocolate,Afternoon,Sat,Apr,6,4,20-04-2024,10:55.2,283
14,card,38.7,Cappuccino,Afternoon,Sat,Apr,6,4,20-04-2024,44:18.1,284
15,card,33.8,Americano with Milk,Afternoon,Sat,Apr,6,4,20-04-2024,11:00.3,285
15,card,32.82,Americano with Milk,Afternoon,Sat,Apr,6,4,20-04-2024,22:40.7,286
15,card,32.82,Americano with Milk,Afternoon,Sat,Apr,6,4,20-04-2024,49:25.1,287
18,card,37.72,Cappuccino,Night,Sat,Apr,6,4,20-04-2024,27:41.5,288
18,card,37.72,Cappuccino,Night,Sat,Apr,6,4,20-04-2024,28:46.9,289
19,card,37.72,Latte,Night,Sat,Apr,6,4,20-04-2024,30:55.3,290
11,card,37.72,Latte,Morning,Sun,Apr,7,4,21-04-2024,16:45.7,291
14,card,27.92,Americano,Afternoon,Sun,Apr,7,4,21-04-2024,15:37.5,292
11,card,27.92,Americano,Morning,Mon,Apr,1,4,22-04-2024,09:16.4,293
11,card,32.82,Americano with Milk,Morning,Mon,Apr,1,4,22-04-2024,29:27.1,294
19,card,37.72,Latte,Night,Mon,Apr,1,4,22-04-2024,39:04.8,295
14,card,37.72,Cappuccino,Afternoon,Tue,Apr,2,4,23-04-2024,22:36.0,296
14,card,32.82,Americano with Milk,Afternoon,Tue,Apr,2,4,23-04-2024,23:53.1,297
14,card,37.72,Cappuccino,Afternoon,Tue,Apr,2,4,23-04-2024,24:57.5,298
19,card,32.82,Americano with Milk,Night,Tue,Apr,2,4,23-04-2024,42:27.8,299
19,card,32.82,Americano with Milk,Night,Tue,Apr,2,4,23-04-2024,43:26.2,300
10,card,37.72,Latte,Morning,Wed,Apr,3,4,24-04-2024,19:38.3,301
10,card,32.82,Americano with Milk,Morning,Wed,Apr,3,4,24-04-2024,21:27.3,302
11,card,32.82,Americano with Milk,Morning,Wed,Apr,3,4,24-04-2024,23:46.1,303
11,card,32.82,Americano with Milk,Morning,Wed,Apr,3,4,24-04-2024,33:26.3,304
12,card,32.82,Americano with Milk,Afternoon,Wed,Apr,3,4,24-04-2024,39:09.3,305
16,card,32.82,Americano with Milk,Afternoon,Wed,Apr,3,4,24-04-2024,39:07.4,306
19,card,32.82,Americano with Milk,Night,Wed,Apr,3,4,24-04-2024,39:50.0,307
19,card,37.72,Cappuccino,Night,Wed,Apr,3,4,24-04-2024,40:54.0,308
10,card,27.92,Americano,Morning,Thu,Apr,4,4,25-04-2024,46:08.1,309
15,card,37.72,Latte,Afternoon,Thu,Apr,4,4,25-04-2024,18:27.0,310
17,card,27.92,Americano,Night,Thu,Apr,4,4,25-04-2024,09:43.5,311
17,card,27.92,Americano,Night,Thu,Apr,4,4,25-04-2024,10:49.2,312
10,card,37.72,Latte,Morning,Fri,Apr,5,4,26-04-2024,12:50.6,313
12,card,37.72,Latte,Afternoon,Fri,Apr,5,4,26-04-2024,01:30.6,314
13,card,37.72,Cappuccino,Afternoon,Fri,Apr,5,4,26-04-2024,31:28.3,315
15,card,27.92,Americano,Afternoon,Fri,Apr,5,4,26-04-2024,32:35.4,316
15,card,27.92,Americano,Afternoon,Fri,Apr,5,4,26-04-2024,33:33.1,317
16,card,27.92,Cortado,Afternoon,Fri,Apr,5,4,26-04-2024,23:26.5,318
16,card,27.92,Americano,Afternoon,Fri,Apr,5,4,26-04-2024,24:33.8,319
19,card,37.72,Hot Chocolate,Night,Fri,Apr,5,4,26-04-2024,32:07.1,320
19,card,37.72,Cocoa,Night,Fri,Apr,5,4,26-04-2024,33:30.2,321
15,card,37.72,Cappuccino,Afternoon,Sat,Apr,6,4,27-04-2024,27:00.7,322
10,card,37.72,Latte,Morning,Sun,Apr,7,4,28-04-2024,32:52.5,323
12,card,37.72,Cappuccino,Afternoon,Sun,Apr,7,4,28-04-2024,30:09.7,324
18,card,27.92,Americano,Night,Sun,Apr,7,4,28-04-2024,27:08.2,325
18,card,27.92,Americano,Night,Sun,Apr,7,4,28-04-2024,28:11.4,326
18,card,37.72,Latte,Night,Sun,Apr,7,4,28-04-2024,29:02.4,327
11,card,27.92,Cortado,Morning,Mon,Apr,1,4,29-04-2024,26:31.9,328
13,card,27.92,Americano,Afternoon,Mon,Apr,1,4,29-04-2024,27:56.9,329
13,card,27.92,Cortado,Afternoon,Mon,Apr,1,4,29-04-2024,28:53.9,330
13,card,27.92,Cortado,Afternoon,Mon,Apr,1,4,29-04-2024,53:35.7,331
13,card,32.82,Americano with Milk,Afternoon,Mon,Apr,1,4,29-04-2024,54:24.4,332
18,card,37.72,Cappuccino,Night,Mon,Apr,1,4,29-04-2024,37:48.4,333
19,card,37.72,Cappuccino,Night,Mon,Apr,1,4,29-04-2024,12:33.2,334
19,card,37.72,Cappuccino,Night,Mon,Apr,1,4,29-04-2024,13:37.9,335
10,card,37.72,Latte,Morning,Tue,Apr,2,4,30-04-2024,16:41.5,336
10,card,32.82,Americano with Milk,Morning,Tue,Apr,2,4,30-04-2024,34:52.2,337
10,card,32.82,Americano with Milk,Morning,Tue,Apr,2,4,30-04-2024,35:47.6,338
13,card,27.92,Americano,Afternoon,Tue,Apr,2,4,30-04-2024,41:52.3,339
13,card,32.82,Americano with Milk,Afternoon,Tue,Apr,2,4,30-04-2024,43:00.0,340
19,card,37.72,Cappuccino,Night,Tue,Apr,2,4,30-04-2024,19:18.1,341
19,card,32.82,Americano with Milk,Night,Tue,Apr,2,4,30-04-2024,30:04.0,342
19,card,37.72,Latte,Night,Tue,Apr,2,4,30-04-2024,31:21.0,343
10,card,27.92,Americano,Morning,Thu,May,4,5,02-05-2024,33:55.7,344
13,card,32.82,Americano with Milk,Afternoon,Thu,May,4,5,02-05-2024,49:39.9,345
18,card,37.72,Cappuccino,Night,Thu,May,4,5,02-05-2024,36:22.1,346
18,card,32.82,Americano with Milk,Night,Thu,May,4,5,02-05-2024,41:11.2,347
19,card,37.72,Latte,Night,Thu,May,4,5,02-05-2024,18:33.1,348
19,card,37.72,Cappuccino,Night,Thu,May,4,5,02-05-2024,19:56.4,349
14,card,37.72,Latte,Afternoon,Fri,May,5,5,03-05-2024,30:00.9,350
17,card,37.72,Latte,Night,Fri,May,5,5,03-05-2024,03:24.9,351
10,card,27.92,Americano,Morning,Mon,May,1,5,06-05-2024,05:17.9,352
10,card,37.72,Cappuccino,Morning,Mon,May,1,5,06-05-2024,06:51.6,353
10,card,32.82,Americano with Milk,Morning,Mon,May,1,5,06-05-2024,08:05.9,354
10,card,27.92,Americano,Morning,Mon,May,1,5,06-05-2024,09:08.0,355
10,card,27.92,Cortado,Morning,Mon,May,1,5,06-05-2024,39:12.6,356
13,card,27.92,Cortado,Afternoon,Mon,May,1,5,06-05-2024,18:11.0,357
13,card,27.92,Americano,Afternoon,Mon,May,1,5,06-05-2024,19:00.8,358
19,card,37.72,Cappuccino,Night,Mon,May,1,5,06-05-2024,18:13.0,359
19,card,37.72,Cappuccino,Night,Mon,May,1,5,06-05-2024,19:49.5,360
10,card,37.72,Cocoa,Morning,Tue,May,2,5,07-05-2024,44:55.6,361
11,card,27.92,Cortado,Morning,Tue,May,2,5,07-05-2024,21:58.5,362
13,card,27.92,Cortado,Afternoon,Tue,May,2,5,07-05-2024,23:34.9,363
16,card,37.72,Cocoa,Afternoon,Tue,May,2,5,07-05-2024,42:07.9,364
16,card,27.92,Americano,Afternoon,Tue,May,2,5,07-05-2024,55:38.8,365
17,card,37.72,Cappuccino,Night,Tue,May,2,5,07-05-2024,37:46.4,366
17,card,37.72,Latte,Night,Tue,May,2,5,07-05-2024,38:48.2,367
19,card,37.72,Cappuccino,Night,Tue,May,2,5,07-05-2024,12:12.5,368
19,card,37.72,Cappuccino,Night,Tue,May,2,5,07-05-2024,13:12.2,369
10,card,37.72,Latte,Morning,Wed,May,3,5,08-05-2024,07:28.9,370
12,card,37.72,Cappuccino,Afternoon,Thu,May,4,5,09-05-2024,54:21.8,371
13,card,27.92,Americano,Afternoon,Thu,May,4,5,09-05-2024,03:58.6,372
13,card,37.72,Latte,Afternoon,Thu,May,4,5,09-05-2024,04:57.6,373
13,card,37.72,Latte,Afternoon,Thu,May,4,5,09-05-2024,06:11.3,374
13,card,37.72,Latte,Afternoon,Thu,May,4,5,09-05-2024,07:16.4,375
16,card,27.92,Americano,Afternoon,Thu,May,4,5,09-05-2024,55:14.6,376
16,card,27.92,Americano,Afternoon,Thu,May,4,5,09-05-2024,56:15.0,377
18,card,27.92,Americano,Night,Thu,May,4,5,09-05-2024,01:29.9,378
18,card,32.82,Americano with Milk,Night,Thu,May,4,5,09-05-2024,13:56.2,379
15,card,37.72,Latte,Afternoon,Fri,May,5,5,10-05-2024,46:21.5,380
15,card,37.72,Latte,Afternoon,Fri,May,5,5,10-05-2024,47:32.5,381
11,card,37.72,Latte,Morning,Sat,May,6,5,11-05-2024,39:52.9,382
17,card,32.82,Americano with Milk,Night,Sat,May,6,5,11-05-2024,20:30.4,383
17,card,37.72,Cocoa,Night,Sat,May,6,5,11-05-2024,21:56.1,384
17,card,37.72,Cappuccino,Night,Sat,May,6,5,11-05-2024,23:57.3,385
17,card,32.82,Americano with Milk,Night,Sat,May,6,5,11-05-2024,28:54.1,386
18,card,37.72,Cappuccino,Night,Sat,May,6,5,11-05-2024,35:40.3,387
19,card,37.72,Latte,Night,Sat,May,6,5,11-05-2024,38:16.1,388
10,card,37.72,Latte,Morning,Sun,May,7,5,12-05-2024,20:42.5,389
13,card,37.72,Latte,Afternoon,Sun,May,7,5,12-05-2024,24:03.5,390
13,card,27.92,Americano,Afternoon,Sun,May,7,5,12-05-2024,27:39.0,391
15,card,37.72,Latte,Afternoon,Sun,May,7,5,12-05-2024,16:19.8,392
15,card,32.82,Americano with Milk,Afternoon,Sun,May,7,5,12-05-2024,38:02.4,393
15,card,32.82,Americano with Milk,Afternoon,Sun,May,7,5,12-05-2024,52:14.9,394
16,card,32.82,Americano with Milk,Afternoon,Sun,May,7,5,12-05-2024,04:21.1,395
19,card,32.82,Americano with Milk,Night,Sun,May,7,5,12-05-2024,41:30.6,396
11,card,32.82,Americano with Milk,Morning,Mon,May,1,5,13-05-2024,03:53.3,397
8,card,27.92,Americano,Morning,Tue,May,2,5,14-05-2024,38:14.6,398
8,card,27.92,Americano,Morning,Tue,May,2,5,14-05-2024,39:25.5,399
8,card,27.92,Americano,Morning,Tue,May,2,5,14-05-2024,40:17.5,400
10,card,37.72,Cappuccino,Morning,Tue,May,2,5,14-05-2024,19:23.2,401
11,card,37.72,Latte,Morning,Tue,May,2,5,14-05-2024,32:29.4,402
11,card,37.72,Cappuccino,Morning,Tue,May,2,5,14-05-2024,34:12.9,403
14,card,37.72,Cappuccino,Afternoon,Tue,May,2,5,14-05-2024,04:54.6,404
14,card,32.82,Americano with Milk,Afternoon,Tue,May,2,5,14-05-2024,06:00.4,405
15,card,27.92,Americano,Afternoon,Tue,May,2,5,14-05-2024,01:54.8,406
16,card,32.82,Americano with Milk,Afternoon,Tue,May,2,5,14-05-2024,57:57.2,407
16,card,37.72,Cappuccino,Afternoon,Tue,May,2,5,14-05-2024,59:10.2,408
22,card,37.72,Hot Chocolate,Night,Tue,May,2,5,14-05-2024,51:25.2,409
8,card,37.72,Latte,Morning,Wed,May,3,5,15-05-2024,40:05.7,410
11,card,23.02,Espresso,Morning,Wed,May,3,5,15-05-2024,14:19.4,411
11,card,27.92,Americano,Morning,Wed,May,3,5,15-05-2024,19:10.0,412
13,card,27.92,Americano,Afternoon,Wed,May,3,5,15-05-2024,34:35.1,413
13,card,27.92,Americano,Afternoon,Wed,May,3,5,15-05-2024,35:29.2,414
13,card,27.92,Americano,Afternoon,Wed,May,3,5,15-05-2024,36:27.3,415
13,card,32.82,Americano with Milk,Afternoon,Wed,May,3,5,15-05-2024,55:29.0,416
14,card,27.92,Cortado,Afternoon,Wed,May,3,5,15-05-2024,38:52.3,417
14,card,27.92,Cortado,Afternoon,Wed,May,3,5,15-05-2024,39:44.4,418
17,card,23.02,Espresso,Night,Wed,May,3,5,15-05-2024,28:58.6,419
20,card,37.72,Cappuccino,Night,Wed,May,3,5,15-05-2024,20:34.8,420
10,card,32.82,Americano with Milk,Morning,Thu,May,4,5,16-05-2024,38:42.5,421
10,card,32.82,Americano with Milk,Morning,Thu,May,4,5,16-05-2024,39:49.4,422
12,card,32.82,Americano with Milk,Afternoon,Thu,May,4,5,16-05-2024,14:00.1,423
15,card,37.72,Hot Chocolate,Afternoon,Thu,May,4,5,16-05-2024,15:16.3,424
17,card,37.72,Latte,Night,Thu,May,4,5,16-05-2024,44:31.5,425
18,card,37.72,Hot Chocolate,Night,Thu,May,4,5,16-05-2024,12:56.9,426
18,card,37.72,Latte,Night,Thu,May,4,5,16-05-2024,13:58.2,427
9,card,27.92,Americano,Morning,Fri,May,5,5,17-05-2024,00:48.5,428
11,card,32.82,Americano with Milk,Morning,Fri,May,5,5,17-05-2024,30:27.6,429
19,card,32.82,Americano with Milk,Night,Fri,May,5,5,17-05-2024,55:18.5,430
19,card,37.72,Cappuccino,Night,Fri,May,5,5,17-05-2024,56:46.8,431
20,card,37.72,Cappuccino,Night,Fri,May,5,5,17-05-2024,37:52.9,432
22,card,27.92,Americano,Night,Fri,May,5,5,17-05-2024,34:50.8,433
22,card,37.72,Latte,Night,Fri,May,5,5,17-05-2024,36:33.4,434
22,card,37.72,Latte,Night,Fri,May,5,5,17-05-2024,37:42.8,435
8,card,37.72,Cappuccino,Morning,Sat,May,6,5,18-05-2024,01:37.9,436
8,card,37.72,Cappuccino,Morning,Sat,May,6,5,18-05-2024,02:40.0,437
11,card,32.82,Americano with Milk,Morning,Sat,May,6,5,18-05-2024,15:56.1,438
16,card,32.82,Americano with Milk,Afternoon,Sat,May,6,5,18-05-2024,48:29.4,439
16,card,32.82,Americano with Milk,Afternoon,Sat,May,6,5,18-05-2024,49:27.1,440
19,card,32.82,Americano with Milk,Night,Sat,May,6,5,18-05-2024,58:44.2,441
20,card,37.72,Latte,Night,Sat,May,6,5,18-05-2024,22:53.1,442
7,card,27.92,Americano,Morning,Sun,May,7,5,19-05-2024,58:38.3,443
7,card,27.92,Americano,Morning,Sun,May,7,5,19-05-2024,59:33.5,444
8,card,37.72,Cappuccino,Morning,Sun,May,7,5,19-05-2024,00:35.1,445
12,card,32.82,Americano with Milk,Afternoon,Sun,May,7,5,19-05-2024,14:26.7,446
14,card,27.92,Americano,Afternoon,Sun,May,7,5,19-05-2024,43:40.0,447
15,card,32.82,Americano with Milk,Afternoon,Sun,May,7,5,19-05-2024,58:58.2,448
18,card,32.82,Americano with Milk,Night,Sun,May,7,5,19-05-2024,12:36.3,449
18,card,23.02,Espresso,Night,Sun,May,7,5,19-05-2024,13:47.8,450
18,card,37.72,Hot Chocolate,Night,Sun,May,7,5,19-05-2024,16:30.0,451
19,card,37.72,Cappuccino,Night,Sun,May,7,5,19-05-2024,51:07.0,452
21,card,37.72,Cappuccino,Night,Sun,May,7,5,19-05-2024,15:41.8,453
21,card,37.72,Cappuccino,Night,Sun,May,7,5,19-05-2024,18:36.1,454
10,card,32.82,Americano with Milk,Morning,Mon,May,1,5,20-05-2024,05:59.2,455
10,card,37.72,Latte,Morning,Mon,May,1,5,20-05-2024,17:51.9,456
10,card,37.72,Latte,Morning,Mon,May,1,5,20-05-2024,58:48.4,457
11,card,27.92,Americano,Morning,Mon,May,1,5,20-05-2024,15:16.4,458
11,card,27.92,Americano,Morning,Mon,May,1,5,20-05-2024,16:19.6,459
13,card,27.92,Americano,Afternoon,Mon,May,1,5,20-05-2024,27:13.4,460
13,card,27.92,Americano,Afternoon,Mon,May,1,5,20-05-2024,28:10.4,461
14,card,32.82,Americano with Milk,Afternoon,Mon,May,1,5,20-05-2024,13:19.0,462
14,card,37.72,Cappuccino,Afternoon,Mon,May,1,5,20-05-2024,14:31.4,463
17,card,37.72,Latte,Night,Mon,May,1,5,20-05-2024,12:51.1,464
17,card,37.72,Latte,Night,Mon,May,1,5,20-05-2024,13:56.9,465
20,card,32.82,Americano with Milk,Night,Mon,May,1,5,20-05-2024,36:48.3,466
20,card,37.72,Cocoa,Night,Mon,May,1,5,20-05-2024,37:57.3,467
20,card,27.92,Cortado,Night,Mon,May,1,5,20-05-2024,46:52.1,468
21,card,32.82,Americano with Milk,Night,Mon,May,1,5,20-05-2024,36:54.0,469
21,card,32.82,Americano with Milk,Night,Mon,May,1,5,20-05-2024,37:57.8,470
8,card,37.72,Latte,Morning,Tue,May,2,5,21-05-2024,27:38.2,471
16,card,37.72,Latte,Afternoon,Tue,May,2,5,21-05-2024,10:20.0,472
18,card,23.02,Espresso,Night,Tue,May,2,5,21-05-2024,13:24.0,473
19,card,37.72,Cappuccino,Night,Tue,May,2,5,21-05-2024,11:09.2,474
20,card,37.72,Cappuccino,Night,Tue,May,2,5,21-05-2024,13:48.4,475
9,card,37.72,Cappuccino,Morning,Wed,May,3,5,22-05-2024,34:41.8,476
10,card,32.82,Americano with Milk,Morning,Wed,May,3,5,22-05-2024,49:47.0,477
11,card,27.92,Cortado,Morning,Wed,May,3,5,22-05-2024,18:14.3,478
11,card,32.82,Americano with Milk,Morning,Wed,May,3,5,22-05-2024,34:55.0,479
12,card,27.92,Americano,Afternoon,Wed,May,3,5,22-05-2024,29:50.8,480
12,card,27.92,Americano,Afternoon,Wed,May,3,5,22-05-2024,30:43.3,481
14,card,32.82,Americano with Milk,Afternoon,Wed,May,3,5,22-05-2024,00:20.5,482
19,card,37.72,Cappuccino,Night,Wed,May,3,5,22-05-2024,24:58.1,483
19,card,37.72,Cappuccino,Night,Wed,May,3,5,22-05-2024,25:58.6,484
21,card,37.72,Hot Chocolate,Night,Wed,May,3,5,22-05-2024,21:23:53,485
21,card,37.72,Cappuccino,Night,Wed,May,3,5,22-05-2024,24:49.6,486
10,card,37.72,Cappuccino,Morning,Thu,May,4,5,23-05-2024,10:19.6,487
12,card,23.02,Espresso,Afternoon,Thu,May,4,5,23-05-2024,22:06.6,488
15,card,37.72,Cappuccino,Afternoon,Thu,May,4,5,23-05-2024,55:16.6,489
15,card,37.72,Cappuccino,Afternoon,Thu,May,4,5,23-05-2024,56:27.2,490
16,card,37.72,Cappuccino,Afternoon,Thu,May,4,5,23-05-2024,18:14.1,491
16,card,37.72,Latte,Afternoon,Thu,May,4,5,23-05-2024,41:00.0,492
17,card,37.72,Cappuccino,Night,Thu,May,4,5,23-05-2024,14:33.2,493
17,card,37.72,Latte,Night,Thu,May,4,5,23-05-2024,15:44.9,494
19,card,27.92,Cortado,Night,Thu,May,4,5,23-05-2024,03:53.9,495
19,card,37.72,Cappuccino,Night,Thu,May,4,5,23-05-2024,17:28.4,496
19,card,37.72,Cappuccino,Night,Thu,May,4,5,23-05-2024,18:26.4,497
19,card,37.72,Cappuccino,Night,Thu,May,4,5,23-05-2024,42:31.5,498
20,card,37.72,Cappuccino,Night,Thu,May,4,5,23-05-2024,15:01.4,499
20,card,37.72,Latte,Night,Thu,May,4,5,23-05-2024,16:24.2,500
22,card,32.82,Americano with Milk,Night,Thu,May,4,5,23-05-2024,48:10.8,501
11,card,27.92,Cortado,Morning,Fri,May,5,5,24-05-2024,11:59.2,502
11,card,27.92,Americano,Morning,Fri,May,5,5,24-05-2024,15:08.3,503
11,card,27.92,Americano,Morning,Fri,May,5,5,24-05-2024,16:13.0,504
16,card,37.72,Hot Chocolate,Afternoon,Fri,May,5,5,24-05-2024,07:19.8,505
18,card,27.92,Cortado,Night,Fri,May,5,5,24-05-2024,17:40.3,506
18,card,27.92,Cortado,Night,Fri,May,5,5,24-05-2024,18:36.7,507
22,card,32.82,Americano with Milk,Night,Fri,May,5,5,24-05-2024,30:40.2,508
12,card,37.72,Latte,Afternoon,Sat,May,6,5,25-05-2024,13:53.4,509
12,card,32.82,Americano with Milk,Afternoon,Sat,May,6,5,25-05-2024,42:10.3,510
12,card,32.82,Americano with Milk,Afternoon,Sat,May,6,5,25-05-2024,43:13.3,511
12,card,32.82,Americano with Milk,Afternoon,Sat,May,6,5,25-05-2024,58:12.0,512
16,card,32.82,Americano with Milk,Afternoon,Sat,May,6,5,25-05-2024,47:09.6,513
16,card,27.92,Americano,Afternoon,Sat,May,6,5,25-05-2024,48:16.8,514
10,card,37.72,Latte,Morning,Sun,May,7,5,26-05-2024,20:02.2,515
14,card,32.82,Americano with Milk,Afternoon,Sun,May,7,5,26-05-2024,24:49.8,516
14,card,27.92,Cortado,Afternoon,Sun,May,7,5,26-05-2024,26:05.2,517
14,card,32.82,Americano with Milk,Afternoon,Sun,May,7,5,26-05-2024,40:58.9,518
17,card,37.72,Cappuccino,Night,Sun,May,7,5,26-05-2024,19:15.5,519
18,card,37.72,Hot Chocolate,Night,Sun,May,7,5,26-05-2024,09:52.8,520
18,card,37.72,Hot Chocolate,Night,Sun,May,7,5,26-05-2024,11:02.2,521
18,card,27.92,Americano,Night,Sun,May,7,5,26-05-2024,13:14.3,522
18,card,37.72,Latte,Night,Sun,May,7,5,26-05-2024,39:18.8,523
20,card,37.72,Hot Chocolate,Night,Sun,May,7,5,26-05-2024,59:15.0,524
21,card,37.72,Cappuccino,Night,Sun,May,7,5,26-05-2024,00:05.6,525
21,card,27.92,Cortado,Night,Sun,May,7,5,26-05-2024,02:36.9,526
21,card,37.72,Cappuccino,Night,Sun,May,7,5,26-05-2024,03:51.8,527
21,card,37.72,Latte,Night,Sun,May,7,5,26-05-2024,04:58.8,528
21,card,37.72,Cappuccino,Night,Sun,May,7,5,26-05-2024,06:02.6,529
11,card,27.92,Americano,Morning,Mon,May,1,5,27-05-2024,34:55.3,530
14,card,32.82,Americano with Milk,Afternoon,Mon,May,1,5,27-05-2024,05:21.7,531
14,card,37.72,Cocoa,Afternoon,Mon,May,1,5,27-05-2024,06:43.6,532
15,card,27.92,Americano,Afternoon,Mon,May,1,5,27-05-2024,11:34.1,533
15,card,27.92,Americano,Afternoon,Mon,May,1,5,27-05-2024,14:05.8,534
17,card,37.72,Latte,Night,Mon,May,1,5,27-05-2024,50:55.8,535
18,card,27.92,Americano,Night,Mon,May,1,5,27-05-2024,00:51.0,536
19,card,37.72,Latte,Night,Mon,May,1,5,27-05-2024,16:27.4,537
19,card,37.72,Latte,Night,Mon,May,1,5,27-05-2024,17:38.7,538
21,card,32.82,Americano with Milk,Night,Mon,May,1,5,27-05-2024,29:07.1,539
21,card,37.72,Cappuccino,Night,Mon,May,1,5,27-05-2024,30:19.8,540
8,card,32.82,Americano with Milk,Morning,Tue,May,2,5,28-05-2024,37:09.0,541
9,card,32.82,Americano with Milk,Morning,Tue,May,2,5,28-05-2024,20:10.7,542
11,card,37.72,Cappuccino,Morning,Tue,May,2,5,28-05-2024,48:18.5,543
13,card,37.72,Cappuccino,Afternoon,Tue,May,2,5,28-05-2024,14:40.4,544
14,card,37.72,Cocoa,Afternoon,Tue,May,2,5,28-05-2024,10:53.7,545
16,card,27.92,Cortado,Afternoon,Tue,May,2,5,28-05-2024,25:39.3,546
19,card,27.92,Americano,Night,Tue,May,2,5,28-05-2024,09:29.1,547
19,card,37.72,Latte,Night,Tue,May,2,5,28-05-2024,10:31.1,548
20,card,32.82,Americano with Milk,Night,Tue,May,2,5,28-05-2024,24:32.2,549
20,card,27.92,Americano,Night,Tue,May,2,5,28-05-2024,50:19.4,550
9,card,37.72,Latte,Morning,Wed,May,3,5,29-05-2024,14:43.7,551
11,card,37.72,Hot Chocolate,Morning,Wed,May,3,5,29-05-2024,14:02.9,552
15,card,27.92,Americano,Afternoon,Wed,May,3,5,29-05-2024,10:48.5,553
15,card,37.72,Latte,Afternoon,Wed,May,3,5,29-05-2024,22:56.3,554
15,card,37.72,Cappuccino,Afternoon,Wed,May,3,5,29-05-2024,45:12.7,555
16,card,37.72,Latte,Afternoon,Wed,May,3,5,29-05-2024,45:03.9,556
18,card,27.92,Cortado,Night,Wed,May,3,5,29-05-2024,24:03.3,557
18,card,37.72,Latte,Night,Wed,May,3,5,29-05-2024,24:59.3,558
20,card,37.72,Hot Chocolate,Night,Wed,May,3,5,29-05-2024,30:42.2,559
20,card,37.72,Cocoa,Night,Wed,May,3,5,29-05-2024,32:35.2,560
8,card,37.72,Cappuccino,Morning,Thu,May,4,5,30-05-2024,29:06.3,561
8,card,37.72,Latte,Morning,Thu,May,4,5,30-05-2024,30:21.6,562
8,card,32.82,Americano with Milk,Morning,Thu,May,4,5,30-05-2024,37:05.4,563
9,card,37.72,Latte,Morning,Thu,May,4,5,30-05-2024,47:59.1,564
14,card,32.82,Americano with Milk,Afternoon,Thu,May,4,5,30-05-2024,56:15.5,565
15,card,23.02,Espresso,Afternoon,Thu,May,4,5,30-05-2024,16:15.7,566
15,card,23.02,Espresso,Afternoon,Thu,May,4,5,30-05-2024,17:38.7,567
19,card,37.72,Cappuccino,Night,Thu,May,4,5,30-05-2024,53:11.2,568
20,card,37.72,Latte,Night,Thu,May,4,5,30-05-2024,31:05.4,569
20,card,37.72,Hot Chocolate,Night,Thu,May,4,5,30-05-2024,46:13.8,570
20,card,32.82,Americano with Milk,Night,Thu,May,4,5,30-05-2024,47:21.6,571
7,card,32.82,Americano with Milk,Morning,Fri,May,5,5,31-05-2024,53:57.3,572
9,card,37.72,Latte,Morning,Fri,May,5,5,31-05-2024,21:07.8,573
10,card,37.72,Hot Chocolate,Morning,Fri,May,5,5,31-05-2024,38:07.9,574
10,card,37.72,Cocoa,Morning,Fri,May,5,5,31-05-2024,39:06.1,575
14,card,32.82,Americano with Milk,Afternoon,Fri,May,5,5,31-05-2024,50:13.0,576
18,card,37.72,Latte,Night,Fri,May,5,5,31-05-2024,23:44.6,577
18,card,37.72,Latte,Night,Fri,May,5,5,31-05-2024,25:03.3,578
20,card,37.72,Cappuccino,Night,Fri,May,5,5,31-05-2024,06:39.2,579
20,card,32.82,Americano with Milk,Night,Fri,May,5,5,31-05-2024,33:06.4,580
20,card,37.72,Latte,Night,Fri,May,5,5,31-05-2024,34:32.9,581
22,card,37.72,Cappuccino,Night,Fri,May,5,5,31-05-2024,05:47.1,582
22,card,32.82,Americano with Milk,Night,Fri,May,5,5,31-05-2024,06:52.5,583
22,card,27.92,Cortado,Night,Fri,May,5,5,31-05-2024,07:55.4,584
8,card,27.92,Cortado,Morning,Sat,Jun,6,6,01-06-2024,27:01.7,585
9,card,37.72,Latte,Morning,Sat,Jun,6,6,01-06-2024,48:24.7,586
11,card,37.72,Latte,Morning,Sat,Jun,6,6,01-06-2024,38:09.4,587
14,card,32.82,Americano with Milk,Afternoon,Sat,Jun,6,6,01-06-2024,28:53.7,588
18,card,32.82,Americano with Milk,Night,Sat,Jun,6,6,01-06-2024,20:12.8,589
18,card,32.82,Americano with Milk,Night,Sat,Jun,6,6,01-06-2024,21:15.4,590
20,card,37.72,Cappuccino,Night,Sat,Jun,6,6,01-06-2024,50:10.5,591
20,card,37.72,Cappuccino,Night,Sat,Jun,6,6,01-06-2024,51:13.6,592
20,card,37.72,Cocoa,Night,Sat,Jun,6,6,01-06-2024,59:09.7,593
21,card,32.82,Americano with Milk,Night,Sat,Jun,6,6,01-06-2024,51:05.0,594
20,card,37.72,Latte,Night,Sun,Jun,7,6,02-06-2024,03:25.8,595
20,card,32.82,Americano with Milk,Night,Sun,Jun,7,6,02-06-2024,24:02.4,596
20,card,37.72,Cappuccino,Night,Sun,Jun,7,6,02-06-2024,25:07.2,597
21,card,32.82,Americano with Milk,Night,Sun,Jun,7,6,02-06-2024,07:20.5,598
21,card,37.72,Latte,Night,Sun,Jun,7,6,02-06-2024,30:12.4,599
10,card,37.72,Latte,Morning,Mon,Jun,1,6,03-06-2024,12:04.1,600
10,card,37.72,Latte,Morning,Mon,Jun,1,6,03-06-2024,27:49.8,601
14,card,37.72,Cappuccino,Afternoon,Mon,Jun,1,6,03-06-2024,31:42.3,602
14,card,32.82,Americano with Milk,Afternoon,Mon,Jun,1,6,03-06-2024,33:01.0,603
14,card,37.72,Latte,Afternoon,Mon,Jun,1,6,03-06-2024,34:06.9,604
9,card,27.92,Cortado,Morning,Tue,Jun,2,6,04-06-2024,23:42.9,605
10,card,32.82,Americano with Milk,Morning,Tue,Jun,2,6,04-06-2024,27:14.0,606
12,card,37.72,Latte,Afternoon,Tue,Jun,2,6,04-06-2024,02:10.2,607
12,card,37.72,Hot Chocolate,Afternoon,Tue,Jun,2,6,04-06-2024,05:29.2,608
15,card,37.72,Latte,Afternoon,Tue,Jun,2,6,04-06-2024,30:32.5,609
17,card,27.92,Cortado,Night,Tue,Jun,2,6,04-06-2024,46:36.7,610
17,card,37.72,Cappuccino,Night,Tue,Jun,2,6,04-06-2024,47:28.8,611
20,card,37.72,Hot Chocolate,Night,Tue,Jun,2,6,04-06-2024,13:01.2,612
20,card,37.72,Cappuccino,Night,Tue,Jun,2,6,04-06-2024,50:33.9,613
21,card,27.92,Cortado,Night,Tue,Jun,2,6,04-06-2024,31:58.9,614
21,card,32.82,Americano with Milk,Night,Tue,Jun,2,6,04-06-2024,33:02.6,615
21,card,32.82,Americano with Milk,Night,Tue,Jun,2,6,04-06-2024,34:55.7,616
21,card,32.82,Americano with Milk,Night,Tue,Jun,2,6,04-06-2024,36:06.9,617
21,card,32.82,Americano with Milk,Night,Tue,Jun,2,6,04-06-2024,37:15.2,618
8,card,37.72,Cappuccino,Morning,Wed,Jun,3,6,05-06-2024,21:49.0,619
8,card,37.72,Cappuccino,Morning,Wed,Jun,3,6,05-06-2024,23:06.7,620
9,card,27.92,Americano,Morning,Wed,Jun,3,6,05-06-2024,22:43.1,621
10,card,37.72,Latte,Morning,Wed,Jun,3,6,05-06-2024,28:50.6,622
10,card,32.82,Americano with Milk,Morning,Wed,Jun,3,6,05-06-2024,40:53.2,623
19,card,32.82,Americano with Milk,Night,Wed,Jun,3,6,05-06-2024,43:57.7,624
19,card,37.72,Latte,Night,Wed,Jun,3,6,05-06-2024,59:53.5,625
20,card,37.72,Cocoa,Night,Wed,Jun,3,6,05-06-2024,10:47.6,626
20,card,27.92,Cortado,Night,Wed,Jun,3,6,05-06-2024,12:01.7,627
8,card,32.82,Americano with Milk,Morning,Thu,Jun,4,6,06-06-2024,52:56.4,628
8,card,32.82,Americano with Milk,Morning,Thu,Jun,4,6,06-06-2024,54:08.5,629
10,card,37.72,Latte,Morning,Thu,Jun,4,6,06-06-2024,36:09.7,630
12,card,27.92,Americano,Afternoon,Thu,Jun,4,6,06-06-2024,17:41.5,631
15,card,32.82,Americano with Milk,Afternoon,Thu,Jun,4,6,06-06-2024,11:14.2,632
15,card,37.72,Cappuccino,Afternoon,Thu,Jun,4,6,06-06-2024,24:06.2,633
21,card,37.72,Latte,Night,Thu,Jun,4,6,06-06-2024,14:05.1,634
21,card,37.72,Latte,Night,Thu,Jun,4,6,06-06-2024,15:42.2,635
21,card,37.72,Cappuccino,Night,Thu,Jun,4,6,06-06-2024,18:26.7,636
21,card,32.82,Americano with Milk,Night,Thu,Jun,4,6,06-06-2024,19:30.4,637
21,card,37.72,Latte,Night,Thu,Jun,4,6,06-06-2024,21:04.4,638
8,card,37.72,Cappuccino,Morning,Fri,Jun,5,6,07-06-2024,18:04.3,639
10,card,23.02,Espresso,Morning,Fri,Jun,5,6,07-06-2024,35:28.1,640
13,card,32.82,Americano with Milk,Afternoon,Fri,Jun,5,6,07-06-2024,34:18.3,641
16,card,27.92,Cortado,Afternoon,Fri,Jun,5,6,07-06-2024,45:42.2,642
16,card,27.92,Cortado,Afternoon,Fri,Jun,5,6,07-06-2024,47:15.5,643
9,card,27.92,Cortado,Morning,Sat,Jun,6,6,08-06-2024,04:20.0,644
9,card,32.82,Americano with Milk,Morning,Sat,Jun,6,6,08-06-2024,26:11.2,645
20,card,37.72,Cappuccino,Night,Sat,Jun,6,6,08-06-2024,24:54.3,646
20,card,37.72,Cappuccino,Night,Sat,Jun,6,6,08-06-2024,25:56.3,647
8,card,37.72,Latte,Morning,Sun,Jun,7,6,09-06-2024,15:52.8,648
10,card,37.72,Latte,Morning,Sun,Jun,7,6,09-06-2024,30:04.5,649
10,card,37.72,Cappuccino,Morning,Sun,Jun,7,6,09-06-2024,52:05.8,650
11,card,27.92,Cortado,Morning,Sun,Jun,7,6,09-06-2024,04:41.3,651
11,card,23.02,Espresso,Morning,Sun,Jun,7,6,09-06-2024,07:08.1,652
11,card,37.72,Cappuccino,Morning,Sun,Jun,7,6,09-06-2024,52:49.6,653
12,card,32.82,Americano with Milk,Afternoon,Sun,Jun,7,6,09-06-2024,11:23.6,654
12,card,37.72,Latte,Afternoon,Sun,Jun,7,6,09-06-2024,13:08.1,655
12,card,37.72,Latte,Afternoon,Sun,Jun,7,6,09-06-2024,14:10.8,656
15,card,27.92,Cortado,Afternoon,Sun,Jun,7,6,09-06-2024,10:30.7,657
16,card,37.72,Cappuccino,Afternoon,Sun,Jun,7,6,09-06-2024,17:28.2,658
19,card,32.82,Americano with Milk,Night,Sun,Jun,7,6,09-06-2024,21:19.3,659
21,card,27.92,Americano,Night,Sun,Jun,7,6,09-06-2024,05:08.8,660
12,card,37.72,Cappuccino,Afternoon,Mon,Jun,1,6,10-06-2024,47:49.9,661
12,card,37.72,Latte,Afternoon,Mon,Jun,1,6,10-06-2024,56:48.3,662
19,card,37.72,Hot Chocolate,Night,Mon,Jun,1,6,10-06-2024,04:28.1,663
19,card,37.72,Hot Chocolate,Night,Mon,Jun,1,6,10-06-2024,05:22.8,664
19,card,37.72,Latte,Night,Mon,Jun,1,6,10-06-2024,37:23.6,665
19,card,37.72,Latte,Night,Mon,Jun,1,6,10-06-2024,38:19.7,666
10,card,32.82,Americano with Milk,Morning,Tue,Jun,2,6,11-06-2024,38:04.0,667
18,card,37.72,Latte,Night,Tue,Jun,2,6,11-06-2024,48:25.3,668
18,card,37.72,Latte,Night,Tue,Jun,2,6,11-06-2024,49:36.4,669
21,card,37.72,Hot Chocolate,Night,Tue,Jun,2,6,11-06-2024,17:03.3,670
21,card,32.82,Americano with Milk,Night,Tue,Jun,2,6,11-06-2024,27:41.9,671
21,card,32.82,Americano with Milk,Night,Tue,Jun,2,6,11-06-2024,28:50.2,672
10,card,37.72,Hot Chocolate,Morning,Wed,Jun,3,6,12-06-2024,18:18.8,673
11,card,37.72,Cappuccino,Morning,Wed,Jun,3,6,12-06-2024,51:43.9,674
17,card,37.72,Latte,Night,Wed,Jun,3,6,12-06-2024,41:17.2,675
17,card,37.72,Latte,Night,Wed,Jun,3,6,12-06-2024,47:27.9,676
20,card,37.72,Hot Chocolate,Night,Wed,Jun,3,6,12-06-2024,16:33.6,677
20,card,32.82,Americano with Milk,Night,Wed,Jun,3,6,12-06-2024,25:34.2,678
8,card,27.92,Americano,Morning,Thu,Jun,4,6,13-06-2024,54:24.2,679
8,card,37.72,Latte,Morning,Thu,Jun,4,6,13-06-2024,57:25.6,680
9,card,32.82,Americano with Milk,Morning,Thu,Jun,4,6,13-06-2024,50:25.0,681
9,card,27.92,Cortado,Morning,Thu,Jun,4,6,13-06-2024,57:11.5,682
17,card,32.82,Americano with Milk,Night,Thu,Jun,4,6,13-06-2024,04:58.6,683
17,card,37.72,Hot Chocolate,Night,Thu,Jun,4,6,13-06-2024,27:46.6,684
19,card,37.72,Latte,Night,Thu,Jun,4,6,13-06-2024,22:19.1,685
20,card,32.82,Americano with Milk,Night,Thu,Jun,4,6,13-06-2024,20:51.8,686
20,card,23.02,Espresso,Night,Thu,Jun,4,6,13-06-2024,43:46.0,687
20,card,23.02,Espresso,Night,Thu,Jun,4,6,13-06-2024,45:00.6,688
20,card,32.82,Americano with Milk,Night,Thu,Jun,4,6,13-06-2024,48:17.9,689
21,card,32.82,Americano with Milk,Night,Thu,Jun,4,6,13-06-2024,02:28.4,690
7,card,27.92,Cortado,Morning,Fri,Jun,5,6,14-06-2024,46:13.2,691
10,card,27.92,Americano,Morning,Fri,Jun,5,6,14-06-2024,30:31.6,692
12,card,37.72,Latte,Afternoon,Fri,Jun,5,6,14-06-2024,14:41.7,693
18,card,32.82,Americano with Milk,Night,Fri,Jun,5,6,14-06-2024,29:53.4,694
11,card,37.72,Cappuccino,Morning,Sat,Jun,6,6,15-06-2024,26:02.0,695
12,card,37.72,Latte,Afternoon,Sat,Jun,6,6,15-06-2024,21:28.1,696
12,card,32.82,Americano with Milk,Afternoon,Sat,Jun,6,6,15-06-2024,22:46.9,697
12,card,23.02,Espresso,Afternoon,Sat,Jun,6,6,15-06-2024,23:52.2,698
12,card,37.72,Cocoa,Afternoon,Sat,Jun,6,6,15-06-2024,24:35.1,699
12,card,32.82,Americano with Milk,Afternoon,Sat,Jun,6,6,15-06-2024,25:24.0,700
16,card,32.82,Americano with Milk,Afternoon,Sat,Jun,6,6,15-06-2024,03:29.9,701
18,card,27.92,Americano,Night,Sat,Jun,6,6,15-06-2024,14:04.6,702
10,card,32.82,Americano with Milk,Morning,Sun,Jun,7,6,16-06-2024,43:51.5,703
10,card,37.72,Latte,Morning,Sun,Jun,7,6,16-06-2024,58:41.4,704
11,card,37.72,Hot Chocolate,Morning,Sun,Jun,7,6,16-06-2024,00:38.2,705
11,card,37.72,Hot Chocolate,Morning,Sun,Jun,7,6,16-06-2024,01:41.5,706
12,card,32.82,Americano with Milk,Afternoon,Sun,Jun,7,6,16-06-2024,49:27.6,707
14,card,23.02,Espresso,Afternoon,Sun,Jun,7,6,16-06-2024,00:39.0,708
15,card,32.82,Americano with Milk,Afternoon,Sun,Jun,7,6,16-06-2024,02:36.3,709
15,card,32.82,Americano with Milk,Afternoon,Sun,Jun,7,6,16-06-2024,05:10.4,710
15,card,37.72,Hot Chocolate,Afternoon,Sun,Jun,7,6,16-06-2024,43:59.6,711
16,card,37.72,Hot Chocolate,Afternoon,Sun,Jun,7,6,16-06-2024,47:36.5,712
17,card,32.82,Americano with Milk,Night,Sun,Jun,7,6,16-06-2024,45:17.3,713
17,card,32.82,Americano with Milk,Night,Sun,Jun,7,6,16-06-2024,46:16.6,714
8,card,27.92,Americano,Morning,Mon,Jun,1,6,17-06-2024,57:24.0,715
10,card,27.92,Cortado,Morning,Mon,Jun,1,6,17-06-2024,12:05.1,716
10,card,27.92,Cortado,Morning,Mon,Jun,1,6,17-06-2024,13:37.6,717
10,card,37.72,Cappuccino,Morning,Mon,Jun,1,6,17-06-2024,55:51.6,718
14,card,37.72,Cappuccino,Afternoon,Mon,Jun,1,6,17-06-2024,51:35.4,719
16,card,37.72,Cappuccino,Afternoon,Mon,Jun,1,6,17-06-2024,50:13.4,720
16,card,37.72,Cappuccino,Afternoon,Mon,Jun,1,6,17-06-2024,51:11.0,721
16,card,27.92,Americano,Afternoon,Mon,Jun,1,6,17-06-2024,52:36.3,722
18,card,27.92,Americano,Night,Mon,Jun,1,6,17-06-2024,51:19.6,723
21,card,32.82,Americano with Milk,Night,Mon,Jun,1,6,17-06-2024,16:11.5,724
14,card,27.92,Americano,Afternoon,Tue,Jun,2,6,18-06-2024,04:06.1,725
14,card,37.72,Cappuccino,Afternoon,Tue,Jun,2,6,18-06-2024,05:12.3,726
19,card,37.72,Cappuccino,Night,Tue,Jun,2,6,18-06-2024,20:40.6,727
19,card,37.72,Cappuccino,Night,Tue,Jun,2,6,18-06-2024,21:38.9,728
20,card,27.92,Cortado,Night,Tue,Jun,2,6,18-06-2024,35:49.5,729
21,card,32.82,Americano with Milk,Night,Tue,Jun,2,6,18-06-2024,20:49.5,730
21,card,32.82,Americano with Milk,Night,Tue,Jun,2,6,18-06-2024,22:18.5,731
7,card,37.72,Latte,Morning,Wed,Jun,3,6,19-06-2024,47:19.8,732
8,card,27.92,Cortado,Morning,Wed,Jun,3,6,19-06-2024,17:54.5,733
10,card,27.92,Americano,Morning,Wed,Jun,3,6,19-06-2024,54:00.5,734
11,card,37.72,Latte,Morning,Wed,Jun,3,6,19-06-2024,11:27.8,735
11,card,37.72,Cocoa,Morning,Wed,Jun,3,6,19-06-2024,12:31.4,736
14,card,32.82,Americano with Milk,Afternoon,Wed,Jun,3,6,19-06-2024,21:36.3,737
18,card,37.72,Cappuccino,Night,Wed,Jun,3,6,19-06-2024,28:43.4,738
18,card,37.72,Latte,Night,Wed,Jun,3,6,19-06-2024,29:59.0,739
19,card,32.82,Americano with Milk,Night,Wed,Jun,3,6,19-06-2024,31:31.3,740
21,card,37.72,Cappuccino,Night,Wed,Jun,3,6,19-06-2024,28:59.5,741
21,card,32.82,Americano with Milk,Night,Wed,Jun,3,6,19-06-2024,30:03.5,742
10,card,37.72,Latte,Morning,Thu,Jun,4,6,20-06-2024,50:06.5,743
18,card,37.72,Latte,Night,Thu,Jun,4,6,20-06-2024,59:02.1,744
19,card,37.72,Latte,Night,Thu,Jun,4,6,20-06-2024,00:00.2,745
21,card,37.72,Latte,Night,Thu,Jun,4,6,20-06-2024,39:10.0,746
21,card,37.72,Latte,Night,Thu,Jun,4,6,20-06-2024,57:40.6,747
21,card,32.82,Americano with Milk,Night,Thu,Jun,4,6,20-06-2024,59:17.6,748
9,card,37.72,Latte,Morning,Fri,Jun,5,6,21-06-2024,59:55.9,749
10,card,27.92,Americano,Morning,Fri,Jun,5,6,21-06-2024,01:40.2,750
13,card,32.82,Americano with Milk,Afternoon,Fri,Jun,5,6,21-06-2024,19:19.4,751
13,card,32.82,Americano with Milk,Afternoon,Fri,Jun,5,6,21-06-2024,20:31.5,752
18,card,23.02,Espresso,Night,Fri,Jun,5,6,21-06-2024,12:16.1,753
19,card,37.72,Latte,Night,Fri,Jun,5,6,21-06-2024,30:26.7,754
19,card,37.72,Cappuccino,Night,Fri,Jun,5,6,21-06-2024,47:06.2,755
19,card,37.72,Cappuccino,Night,Fri,Jun,5,6,21-06-2024,48:06.7,756
19,card,37.72,Cappuccino,Night,Fri,Jun,5,6,21-06-2024,49:54.5,757
19,card,37.72,Cappuccino,Night,Fri,Jun,5,6,21-06-2024,51:00.2,758
19,card,27.92,Americano,Night,Fri,Jun,5,6,21-06-2024,52:18.8,759
19,card,32.82,Americano with Milk,Night,Fri,Jun,5,6,21-06-2024,55:37.1,760
8,card,27.92,Cortado,Morning,Sat,Jun,6,6,22-06-2024,39:50.3,761
9,card,32.82,Americano with Milk,Morning,Sat,Jun,6,6,22-06-2024,37:48.8,762
12,card,32.82,Americano with Milk,Afternoon,Sat,Jun,6,6,22-06-2024,53:15.5,763
15,card,37.72,Latte,Afternoon,Sat,Jun,6,6,22-06-2024,37:20.1,764
22,card,37.72,Cappuccino,Night,Sat,Jun,6,6,22-06-2024,10:23.0,765
18,card,32.82,Americano with Milk,Night,Sun,Jun,7,6,23-06-2024,12:01.4,766
18,card,32.82,Americano with Milk,Night,Sun,Jun,7,6,23-06-2024,13:50.6,767
21,card,37.72,Cappuccino,Night,Sun,Jun,7,6,23-06-2024,06:47.0,768
21,card,37.72,Latte,Night,Sun,Jun,7,6,23-06-2024,29:07.8,769
21,card,37.72,Cappuccino,Night,Sun,Jun,7,6,23-06-2024,30:36.4,770
11,card,32.82,Americano with Milk,Morning,Mon,Jun,1,6,24-06-2024,44:39.9,771
11,card,37.72,Cappuccino,Morning,Mon,Jun,1,6,24-06-2024,49:36.0,772
11,card,37.72,Cappuccino,Morning,Mon,Jun,1,6,24-06-2024,50:44.1,773
15,card,37.72,Latte,Afternoon,Mon,Jun,1,6,24-06-2024,02:29.0,774
16,card,37.72,Cappuccino,Afternoon,Mon,Jun,1,6,24-06-2024,46:00.6,775
16,card,37.72,Cappuccino,Afternoon,Mon,Jun,1,6,24-06-2024,47:00.4,776
8,card,37.72,Latte,Morning,Tue,Jun,2,6,25-06-2024,19:24.2,777
10,card,32.82,Americano with Milk,Morning,Tue,Jun,2,6,25-06-2024,28:26.4,778
10,card,32.82,Americano with Milk,Morning,Tue,Jun,2,6,25-06-2024,29:42.4,779
11,card,37.72,Cappuccino,Morning,Tue,Jun,2,6,25-06-2024,34:52.3,780
9,card,37.72,Latte,Morning,Wed,Jun,3,6,26-06-2024,33:01.7,781
16,card,23.02,Espresso,Afternoon,Wed,Jun,3,6,26-06-2024,32:29.5,782
16,card,27.92,Americano,Afternoon,Wed,Jun,3,6,26-06-2024,34:01.6,783
21,card,37.72,Latte,Night,Wed,Jun,3,6,26-06-2024,21:53.3,784
21,card,37.72,Cappuccino,Night,Wed,Jun,3,6,26-06-2024,27:00.8,785
21,card,32.82,Americano with Milk,Night,Wed,Jun,3,6,26-06-2024,28:14.6,786
9,card,32.82,Americano with Milk,Morning,Thu,Jun,4,6,27-06-2024,15:43.2,787
16,card,27.92,Cortado,Afternoon,Thu,Jun,4,6,27-06-2024,16:11:48,788
21,card,32.82,Americano with Milk,Night,Thu,Jun,4,6,27-06-2024,44:03.4,789
21,card,37.72,Cappuccino,Night,Thu,Jun,4,6,27-06-2024,50:31.6,790
8,card,27.92,Cortado,Morning,Fri,Jun,5,6,28-06-2024,08:35.0,791
17,card,23.02,Espresso,Night,Fri,Jun,5,6,28-06-2024,51:54.0,792
21,card,32.82,Americano with Milk,Night,Fri,Jun,5,6,28-06-2024,50:55.4,793
21,card,37.72,Latte,Night,Fri,Jun,5,6,28-06-2024,52:01.9,794
22,card,37.72,Cappuccino,Night,Fri,Jun,5,6,28-06-2024,28:20.0,795
9,card,32.82,Americano with Milk,Morning,Sat,Jun,6,6,29-06-2024,47:10.3,796
11,card,32.82,Americano with Milk,Morning,Sat,Jun,6,6,29-06-2024,40:19.6,797
11,card,32.82,Americano with Milk,Morning,Sat,Jun,6,6,29-06-2024,41:26.6,798
12,card,37.72,Cappuccino,Afternoon,Sat,Jun,6,6,29-06-2024,30:24.4,799
12,card,37.72,Cappuccino,Afternoon,Sat,Jun,6,6,29-06-2024,31:42.6,800
17,card,37.72,Cappuccino,Night,Sat,Jun,6,6,29-06-2024,23:43.6,801
17,card,37.72,Hot Chocolate,Night,Sat,Jun,6,6,29-06-2024,24:52.4,802
21,card,37.72,Latte,Night,Sat,Jun,6,6,29-06-2024,27:22.4,803
10,card,37.72,Latte,Morning,Sun,Jun,7,6,30-06-2024,28:09.8,804
13,card,23.02,Espresso,Afternoon,Sun,Jun,7,6,30-06-2024,05:50.6,805
16,card,37.72,Hot Chocolate,Afternoon,Sun,Jun,7,6,30-06-2024,54:41.7,806
21,card,32.82,Americano with Milk,Night,Sun,Jun,7,6,30-06-2024,04:09.7,807
18,card,23.02,Espresso,Night,Mon,Jul,1,7,01-07-2024,07:26.8,808
18,card,37.72,Cappuccino,Night,Mon,Jul,1,7,01-07-2024,56:51.8,809
18,card,37.72,Cappuccino,Night,Mon,Jul,1,7,01-07-2024,57:54.3,810
10,card,32.82,Americano with Milk,Morning,Tue,Jul,2,7,02-07-2024,42:54.1,811
10,card,27.92,Americano,Morning,Tue,Jul,2,7,02-07-2024,45:00.6,812
12,card,37.72,Latte,Afternoon,Tue,Jul,2,7,02-07-2024,48:05.2,813
14,card,27.92,Americano,Afternoon,Tue,Jul,2,7,02-07-2024,03:13.2,814
16,card,32.82,Americano with Milk,Afternoon,Tue,Jul,2,7,02-07-2024,31:24.3,815
22,card,32.82,Americano with Milk,Night,Tue,Jul,2,7,02-07-2024,02:23.6,816
13,card,32.82,Americano with Milk,Afternoon,Wed,Jul,3,7,03-07-2024,51:14.9,817
16,card,37.72,Cappuccino,Afternoon,Wed,Jul,3,7,03-07-2024,01:16.6,818
16,card,37.72,Cappuccino,Afternoon,Wed,Jul,3,7,03-07-2024,50:25.2,819
16,card,32.82,Americano with Milk,Afternoon,Wed,Jul,3,7,03-07-2024,53:15.6,820
16,card,32.82,Americano with Milk,Afternoon,Wed,Jul,3,7,03-07-2024,54:22.9,821
16,card,37.72,Latte,Afternoon,Wed,Jul,3,7,03-07-2024,55:31.4,822
16,card,23.02,Espresso,Afternoon,Wed,Jul,3,7,03-07-2024,59:25.6,823
17,card,37.72,Cappuccino,Night,Wed,Jul,3,7,03-07-2024,59:01.8,824
19,card,37.72,Latte,Night,Wed,Jul,3,7,03-07-2024,06:09.1,825
10,card,32.82,Americano with Milk,Morning,Thu,Jul,4,7,04-07-2024,26:23.7,826
10,card,27.92,Americano,Morning,Thu,Jul,4,7,04-07-2024,27:30.3,827
12,card,37.72,Cocoa,Afternoon,Fri,Jul,5,7,05-07-2024,20:28.7,828
13,card,32.82,Americano with Milk,Afternoon,Fri,Jul,5,7,05-07-2024,43:43.1,829
13,card,32.82,Americano with Milk,Afternoon,Fri,Jul,5,7,05-07-2024,44:43.8,830
18,card,23.02,Espresso,Night,Fri,Jul,5,7,05-07-2024,55:56.3,831
19,card,27.92,Americano,Night,Fri,Jul,5,7,05-07-2024,55:07.8,832
22,card,23.02,Espresso,Night,Fri,Jul,5,7,05-07-2024,11:56.5,833
22,card,27.92,Americano,Night,Fri,Jul,5,7,05-07-2024,18:03.3,834
22,card,27.92,Americano,Night,Fri,Jul,5,7,05-07-2024,18:56.9,835
22,card,37.72,Cappuccino,Night,Fri,Jul,5,7,05-07-2024,20:01.1,836
22,card,32.82,Americano with Milk,Night,Fri,Jul,5,7,05-07-2024,21:09.5,837
10,card,37.72,Latte,Morning,Sat,Jul,6,7,06-07-2024,28:06.8,838
17,card,32.82,Latte,Night,Sat,Jul,6,7,06-07-2024,15:46.0,839
17,card,32.82,Latte,Night,Sat,Jul,6,7,06-07-2024,17:01.0,840
19,card,32.82,Latte,Night,Sat,Jul,6,7,06-07-2024,09:46.1,841
19,card,27.92,Americano with Milk,Night,Sat,Jul,6,7,06-07-2024,10:39.6,842
9,card,32.82,Cappuccino,Morning,Sun,Jul,7,7,07-07-2024,04:20.2,843
9,card,27.92,Americano with Milk,Morning,Sun,Jul,7,7,07-07-2024,14:29.2,844
9,card,27.92,Americano with Milk,Morning,Sun,Jul,7,7,07-07-2024,15:36.8,845
9,card,32.82,Cappuccino,Morning,Sun,Jul,7,7,07-07-2024,28:48.9,846
9,card,32.82,Cappuccino,Morning,Sun,Jul,7,7,07-07-2024,29:56.2,847
14,card,32.82,Hot Chocolate,Afternoon,Sun,Jul,7,7,07-07-2024,56:30.2,848
14,card,32.82,Cocoa,Afternoon,Sun,Jul,7,7,07-07-2024,57:47.4,849
17,card,32.82,Latte,Night,Sun,Jul,7,7,07-07-2024,07:50.3,850
19,card,32.82,Cappuccino,Night,Sun,Jul,7,7,07-07-2024,33:27.2,851
20,card,32.82,Hot Chocolate,Night,Sun,Jul,7,7,07-07-2024,01:31.7,852
22,card,27.92,Americano with Milk,Night,Sun,Jul,7,7,07-07-2024,33:36.3,853
7,card,32.82,Latte,Morning,Mon,Jul,1,7,08-07-2024,33:07.7,854
12,card,23.02,Americano,Afternoon,Mon,Jul,1,7,08-07-2024,02:50.4,855
14,card,23.02,Americano,Afternoon,Mon,Jul,1,7,08-07-2024,40:24.4,856
19,card,27.92,Americano with Milk,Night,Mon,Jul,1,7,08-07-2024,30:35.0,857
22,card,32.82,Latte,Night,Mon,Jul,1,7,08-07-2024,14:46.2,858
10,card,27.92,Americano with Milk,Morning,Tue,Jul,2,7,09-07-2024,26:52.1,859
10,card,27.92,Americano with Milk,Morning,Tue,Jul,2,7,09-07-2024,40:28.8,860
11,card,27.92,Americano with Milk,Morning,Tue,Jul,2,7,09-07-2024,21:36.1,861
11,card,32.82,Cappuccino,Morning,Tue,Jul,2,7,09-07-2024,22:49.9,862
16,card,27.92,Americano with Milk,Afternoon,Tue,Jul,2,7,09-07-2024,42:59.5,863
11,card,23.02,Americano,Morning,Wed,Jul,3,7,10-07-2024,10:41.7,864
12,card,27.92,Americano with Milk,Afternoon,Wed,Jul,3,7,10-07-2024,28:53.7,865
22,card,32.82,Latte,Night,Wed,Jul,3,7,10-07-2024,13:10.0,866
11,card,32.82,Hot Chocolate,Morning,Thu,Jul,4,7,11-07-2024,27:27.6,867
16,card,27.92,Americano with Milk,Afternoon,Thu,Jul,4,7,11-07-2024,48:18.7,868
22,card,32.82,Latte,Night,Thu,Jul,4,7,11-07-2024,22:13.6,869
22,card,23.02,Americano,Night,Thu,Jul,4,7,11-07-2024,30:58.5,870
8,card,23.02,Cortado,Morning,Fri,Jul,5,7,12-07-2024,03:17.5,871
11,card,32.82,Hot Chocolate,Morning,Fri,Jul,5,7,12-07-2024,48:33.4,872
22,card,32.82,Hot Chocolate,Night,Fri,Jul,5,7,12-07-2024,33:25.6,873
22,card,32.82,Hot Chocolate,Night,Fri,Jul,5,7,12-07-2024,34:14.3,874
22,card,32.82,Hot Chocolate,Night,Fri,Jul,5,7,12-07-2024,35:29.5,875
10,card,32.82,Latte,Morning,Sat,Jul,6,7,13-07-2024,38:10.3,876
11,card,32.82,Latte,Morning,Sat,Jul,6,7,13-07-2024,41:38.1,877
10,card,23.02,Americano,Morning,Sun,Jul,7,7,14-07-2024,54:24.3,878
10,card,27.92,Americano with Milk,Morning,Sun,Jul,7,7,14-07-2024,55:30.5,879
10,card,32.82,Cappuccino,Morning,Sun,Jul,7,7,14-07-2024,56:30.3,880
10,card,32.82,Latte,Morning,Sun,Jul,7,7,14-07-2024,57:54.1,881
11,card,23.02,Americano,Morning,Sun,Jul,7,7,14-07-2024,02:11.8,882
22,card,32.82,Latte,Night,Sun,Jul,7,7,14-07-2024,31:30.0,883
7,card,32.82,Cappuccino,Morning,Mon,Jul,1,7,15-07-2024,33:05.6,884
12,card,27.92,Americano with Milk,Afternoon,Tue,Jul,2,7,16-07-2024,23:37.5,885
19,card,32.82,Hot Chocolate,Night,Tue,Jul,2,7,16-07-2024,29:25.5,886
13,card,27.92,Americano with Milk,Afternoon,Wed,Jul,3,7,17-07-2024,04:59.7,887
11,card,27.92,Americano with Milk,Morning,Thu,Jul,4,7,18-07-2024,10:13.4,888
11,card,18.12,Espresso,Morning,Thu,Jul,4,7,18-07-2024,11:23.4,889
11,card,23.02,Americano,Morning,Thu,Jul,4,7,18-07-2024,32:59.6,890
11,card,23.02,Americano,Morning,Thu,Jul,4,7,18-07-2024,34:48.4,891
11,card,23.02,Cortado,Morning,Thu,Jul,4,7,18-07-2024,35:51.5,892
13,card,32.82,Latte,Afternoon,Thu,Jul,4,7,18-07-2024,23:33.8,893
18,card,32.82,Cappuccino,Night,Thu,Jul,4,7,18-07-2024,18:23.4,894
19,card,32.82,Latte,Night,Thu,Jul,4,7,18-07-2024,30:50.6,895
21,card,32.82,Hot Chocolate,Night,Thu,Jul,4,7,18-07-2024,19:41.8,896
21,card,32.82,Latte,Night,Thu,Jul,4,7,18-07-2024,21:59.9,897
21,card,32.82,Latte,Night,Thu,Jul,4,7,18-07-2024,46:18.7,898
11,card,23.02,Americano,Morning,Fri,Jul,5,7,19-07-2024,03:02.3,899
11,card,27.92,Americano with Milk,Morning,Fri,Jul,5,7,19-07-2024,16:20.5,900
12,card,32.82,Latte,Afternoon,Fri,Jul,5,7,19-07-2024,58:37.6,901
12,card,27.92,Americano with Milk,Afternoon,Fri,Jul,5,7,19-07-2024,59:55.4,902
14,card,32.82,Latte,Afternoon,Fri,Jul,5,7,19-07-2024,09:20.7,903
14,card,32.82,Cocoa,Afternoon,Fri,Jul,5,7,19-07-2024,11:22.1,904
16,card,32.82,Latte,Afternoon,Fri,Jul,5,7,19-07-2024,36:19.3,905
16,card,32.82,Latte,Afternoon,Fri,Jul,5,7,19-07-2024,37:35.8,906
8,card,23.02,Americano,Morning,Sat,Jul,6,7,20-07-2024,05:44.5,907
8,card,32.82,Latte,Morning,Sat,Jul,6,7,20-07-2024,06:48.7,908
8,card,23.02,Americano,Morning,Sat,Jul,6,7,20-07-2024,07:51.4,909
9,card,32.82,Latte,Morning,Sat,Jul,6,7,20-07-2024,00:53.6,910
9,card,32.82,Latte,Morning,Sat,Jul,6,7,20-07-2024,02:27.8,911
10,card,23.02,Americano,Morning,Sat,Jul,6,7,20-07-2024,39:21.0,912
15,card,32.82,Latte,Afternoon,Sat,Jul,6,7,20-07-2024,15:09.2,913
10,card,32.82,Cocoa,Morning,Sun,Jul,7,7,21-07-2024,30:55.8,914
11,card,32.82,Cappuccino,Morning,Sun,Jul,7,7,21-07-2024,39:28.8,915
13,card,23.02,Cortado,Afternoon,Sun,Jul,7,7,21-07-2024,34:30.8,916
13,card,32.82,Latte,Afternoon,Sun,Jul,7,7,21-07-2024,42:31.4,917
8,card,23.02,Americano,Morning,Mon,Jul,1,7,22-07-2024,13:23.1,918
8,card,23.02,Americano,Morning,Mon,Jul,1,7,22-07-2024,40:49.6,919
10,card,27.92,Americano with Milk,Morning,Mon,Jul,1,7,22-07-2024,15:37.3,920
16,card,32.82,Latte,Afternoon,Mon,Jul,1,7,22-07-2024,44:37.6,921
8,card,32.82,Latte,Morning,Tue,Jul,2,7,23-07-2024,12:56.2,922
8,card,23.02,Americano,Morning,Tue,Jul,2,7,23-07-2024,40:19.0,923
8,card,27.92,Americano with Milk,Morning,Tue,Jul,2,7,23-07-2024,44:53.8,924
8,card,32.82,Cocoa,Morning,Tue,Jul,2,7,23-07-2024,49:25.1,925
8,card,32.82,Latte,Morning,Tue,Jul,2,7,23-07-2024,51:10.4,926
9,card,23.02,Americano,Morning,Tue,Jul,2,7,23-07-2024,01:45.7,927
10,card,27.92,Americano with Milk,Morning,Tue,Jul,2,7,23-07-2024,03:36.5,928
15,card,27.92,Americano with Milk,Afternoon,Tue,Jul,2,7,23-07-2024,20:05.0,929
15,card,32.82,Latte,Afternoon,Tue,Jul,2,7,23-07-2024,21:01.3,930
21,card,32.82,Latte,Night,Tue,Jul,2,7,23-07-2024,01:40.6,931
21,card,23.02,Americano,Night,Tue,Jul,2,7,23-07-2024,23:13.5,932
21,card,23.02,Americano,Night,Tue,Jul,2,7,23-07-2024,24:22.6,933
9,card,27.92,Americano with Milk,Morning,Wed,Jul,3,7,24-07-2024,16:09.8,934
9,card,27.92,Americano with Milk,Morning,Wed,Jul,3,7,24-07-2024,38:55.0,935
9,card,18.12,Espresso,Morning,Wed,Jul,3,7,24-07-2024,54:37.5,936
11,card,32.82,Cappuccino,Morning,Wed,Jul,3,7,24-07-2024,43:53.1,937
13,card,32.82,Latte,Afternoon,Wed,Jul,3,7,24-07-2024,55:13.8,938
14,card,18.12,Espresso,Afternoon,Wed,Jul,3,7,24-07-2024,45:49.8,939
15,card,32.82,Latte,Afternoon,Wed,Jul,3,7,24-07-2024,18:30.5,940
19,card,32.82,Cappuccino,Night,Wed,Jul,3,7,24-07-2024,15:05.7,941
19,card,32.82,Cappuccino,Night,Wed,Jul,3,7,24-07-2024,16:59.8,942
21,card,27.92,Americano with Milk,Night,Wed,Jul,3,7,24-07-2024,17:36.8,943
21,card,23.02,Americano,Night,Wed,Jul,3,7,24-07-2024,18:41.3,944
21,card,23.02,Americano,Night,Wed,Jul,3,7,24-07-2024,25:17.5,945
7,card,23.02,Americano,Morning,Thu,Jul,4,7,25-07-2024,54:47.9,946
8,card,32.82,Latte,Morning,Thu,Jul,4,7,25-07-2024,49:18.4,947
10,card,27.92,Americano with Milk,Morning,Thu,Jul,4,7,25-07-2024,29:44.6,948
11,card,23.02,Americano,Morning,Thu,Jul,4,7,25-07-2024,26:04.7,949
15,card,32.82,Cappuccino,Afternoon,Thu,Jul,4,7,25-07-2024,25:06.5,950
19,card,32.82,Cappuccino,Night,Thu,Jul,4,7,25-07-2024,21:00.8,951
21,card,23.02,Cortado,Night,Thu,Jul,4,7,25-07-2024,06:01.3,952
21,card,18.12,Espresso,Night,Thu,Jul,4,7,25-07-2024,06:50.0,953
22,card,23.02,Cortado,Night,Thu,Jul,4,7,25-07-2024,38:51.3,954
22,card,32.82,Cocoa,Night,Thu,Jul,4,7,25-07-2024,39:46.8,955
8,card,32.82,Latte,Morning,Fri,Jul,5,7,26-07-2024,33:01.3,956
9,card,27.92,Americano with Milk,Morning,Fri,Jul,5,7,26-07-2024,19:37.4,957
9,card,18.12,Espresso,Morning,Fri,Jul,5,7,26-07-2024,20:34.3,958
9,card,23.02,Cortado,Morning,Fri,Jul,5,7,26-07-2024,33:11.5,959
9,card,23.02,Cortado,Morning,Fri,Jul,5,7,26-07-2024,34:16.6,960
9,card,32.82,Latte,Morning,Fri,Jul,5,7,26-07-2024,59:07.9,961
10,card,32.82,Latte,Morning,Fri,Jul,5,7,26-07-2024,00:02.7,962
11,card,27.92,Americano with Milk,Morning,Fri,Jul,5,7,26-07-2024,47:13.9,963
12,card,27.92,Americano with Milk,Afternoon,Fri,Jul,5,7,26-07-2024,07:01.7,964
12,card,32.82,Cappuccino,Afternoon,Fri,Jul,5,7,26-07-2024,28:08.0,965
12,card,32.82,Cappuccino,Afternoon,Fri,Jul,5,7,26-07-2024,29:17.7,966
13,card,32.82,Latte,Afternoon,Fri,Jul,5,7,26-07-2024,09:56.1,967
17,card,23.02,Americano,Night,Fri,Jul,5,7,26-07-2024,23:29.3,968
17,card,32.82,Cappuccino,Night,Fri,Jul,5,7,26-07-2024,58:29.2,969
21,card,32.82,Latte,Night,Fri,Jul,5,7,26-07-2024,15:09.6,970
22,card,27.92,Americano with Milk,Night,Fri,Jul,5,7,26-07-2024,49:52.3,971
9,card,32.82,Cappuccino,Morning,Sat,Jul,6,7,27-07-2024,09:16.5,972
11,card,27.92,Americano with Milk,Morning,Sat,Jul,6,7,27-07-2024,55:31.4,973
12,card,27.92,Americano with Milk,Afternoon,Sat,Jul,6,7,27-07-2024,25:10.1,974
12,card,18.12,Espresso,Afternoon,Sat,Jul,6,7,27-07-2024,26:13.2,975
12,card,27.92,Americano with Milk,Afternoon,Sat,Jul,6,7,27-07-2024,33:23.1,976
14,card,18.12,Espresso,Afternoon,Sat,Jul,6,7,27-07-2024,28:41.9,977
14,card,32.82,Latte,Afternoon,Sat,Jul,6,7,27-07-2024,51:53.2,978
17,card,32.82,Cappuccino,Night,Sat,Jul,6,7,27-07-2024,02:33.4,979
17,card,32.82,Cappuccino,Night,Sat,Jul,6,7,27-07-2024,03:39.1,980
17,card,27.92,Americano with Milk,Night,Sat,Jul,6,7,27-07-2024,09:00.4,981
17,card,27.92,Americano with Milk,Night,Sat,Jul,6,7,27-07-2024,10:08.1,982
20,card,32.82,Latte,Night,Sat,Jul,6,7,27-07-2024,55:20.2,983
22,card,32.82,Cappuccino,Night,Sat,Jul,6,7,27-07-2024,56:23.9,984
11,card,18.12,Espresso,Morning,Sun,Jul,7,7,28-07-2024,07:25.9,985
14,card,27.92,Americano with Milk,Afternoon,Sun,Jul,7,7,28-07-2024,17:54.2,986
14,card,32.82,Latte,Afternoon,Sun,Jul,7,7,28-07-2024,18:52.2,987
8,card,32.82,Latte,Morning,Mon,Jul,1,7,29-07-2024,12:06.4,988
9,card,23.02,Americano,Morning,Mon,Jul,1,7,29-07-2024,04:48.0,989
9,card,27.92,Americano with Milk,Morning,Mon,Jul,1,7,29-07-2024,15:46.2,990
9,card,23.02,Americano,Morning,Mon,Jul,1,7,29-07-2024,19:44.1,991
9,card,27.92,Americano with Milk,Morning,Mon,Jul,1,7,29-07-2024,51:24.7,992
9,card,32.82,Cappuccino,Morning,Mon,Jul,1,7,29-07-2024,58:29.6,993
10,card,32.82,Hot Chocolate,Morning,Mon,Jul,1,7,29-07-2024,43:44.0,994
10,card,32.82,Hot Chocolate,Morning,Mon,Jul,1,7,29-07-2024,44:55.8,995
19,card,32.82,Cappuccino,Night,Mon,Jul,1,7,29-07-2024,06:31.1,996
19,card,23.02,Americano,Night,Mon,Jul,1,7,29-07-2024,30:16.3,997
21,card,32.82,Cocoa,Night,Mon,Jul,1,7,29-07-2024,57:34.4,998
7,card,27.92,Americano with Milk,Morning,Tue,Jul,2,7,30-07-2024,41:10.9,999
8,card,23.02,Cortado,Morning,Tue,Jul,2,7,30-07-2024,05:07.2,1000
8,card,32.82,Cappuccino,Morning,Tue,Jul,2,7,30-07-2024,20:51.1,1001
9,card,27.92,Americano with Milk,Morning,Tue,Jul,2,7,30-07-2024,13:43.2,1002
10,card,23.02,Cortado,Morning,Tue,Jul,2,7,30-07-2024,17:11.1,1003
10,card,27.92,Americano with Milk,Morning,Tue,Jul,2,7,30-07-2024,19:34.2,1004
10,card,32.82,Latte,Morning,Tue,Jul,2,7,30-07-2024,23:20.1,1005
11,card,23.02,Americano,Morning,Tue,Jul,2,7,30-07-2024,12:07.4,1006
11,card,18.12,Espresso,Morning,Tue,Jul,2,7,30-07-2024,13:16.2,1007
11,card,27.92,Americano with Milk,Morning,Tue,Jul,2,7,30-07-2024,14:41.7,1008
11,card,27.92,Americano with Milk,Morning,Tue,Jul,2,7,30-07-2024,16:01.6,1009
11,card,27.92,Americano with Milk,Morning,Tue,Jul,2,7,30-07-2024,30:34.7,1010
11,card,27.92,Americano with Milk,Morning,Tue,Jul,2,7,30-07-2024,31:40.8,1011
12,card,32.82,Latte,Afternoon,Tue,Jul,2,7,30-07-2024,08:07.5,1012
15,card,27.92,Americano with Milk,Afternoon,Tue,Jul,2,7,30-07-2024,16:09.6,1013
16,card,23.02,Cortado,Afternoon,Tue,Jul,2,7,30-07-2024,08:52.9,1014
16,card,27.92,Americano with Milk,Afternoon,Tue,Jul,2,7,30-07-2024,09:43.6,1015
20,card,18.12,Espresso,Night,Tue,Jul,2,7,30-07-2024,24:19.9,1016
20,card,27.92,Americano with Milk,Night,Tue,Jul,2,7,30-07-2024,53:51.9,1017
20,card,27.92,Americano with Milk,Night,Tue,Jul,2,7,30-07-2024,54:46.3,1018
20,card,27.92,Americano with Milk,Night,Tue,Jul,2,7,30-07-2024,57:02.3,1019
21,card,32.82,Latte,Night,Tue,Jul,2,7,30-07-2024,33:19.2,1020
22,card,23.02,Americano,Night,Tue,Jul,2,7,30-07-2024,15:21.5,1021
22,card,32.82,Cappuccino,Night,Tue,Jul,2,7,30-07-2024,16:19.3,1022
7,card,27.92,Americano with Milk,Morning,Wed,Jul,3,7,31-07-2024,59:52.1,1023
8,card,27.92,Americano with Milk,Morning,Wed,Jul,3,7,31-07-2024,37:41.9,1024
8,card,27.92,Americano with Milk,Morning,Wed,Jul,3,7,31-07-2024,38:38.2,1025
9,card,23.02,Americano,Morning,Wed,Jul,3,7,31-07-2024,54:45.3,1026
9,card,23.02,Americano,Morning,Wed,Jul,3,7,31-07-2024,55:45.1,1027
9,card,27.92,Americano with Milk,Morning,Wed,Jul,3,7,31-07-2024,58:15.9,1028
13,card,32.82,Cocoa,Afternoon,Wed,Jul,3,7,31-07-2024,11:42.6,1029
13,card,32.82,Latte,Afternoon,Wed,Jul,3,7,31-07-2024,14:00.3,1030
13,card,27.92,Americano with Milk,Afternoon,Wed,Jul,3,7,31-07-2024,24:49.4,1031
17,card,23.02,Cortado,Night,Wed,Jul,3,7,31-07-2024,48:06.8,1032
18,card,32.82,Latte,Night,Wed,Jul,3,7,31-07-2024,04:15.0,1033
19,card,23.02,Cortado,Night,Wed,Jul,3,7,31-07-2024,22:38.9,1034
19,card,32.82,Latte,Night,Wed,Jul,3,7,31-07-2024,28:45.1,1035
20,card,32.82,Cocoa,Night,Wed,Jul,3,7,31-07-2024,46:42.4,1036
20,card,23.02,Cortado,Night,Wed,Jul,3,7,31-07-2024,50:07.4,1037
20,card,32.82,Latte,Night,Wed,Jul,3,7,31-07-2024,51:10.4,1038
20,card,32.82,Cappuccino,Night,Wed,Jul,3,7,31-07-2024,52:14.8,1039
20,card,23.02,Cortado,Night,Wed,Jul,3,7,31-07-2024,53:35.1,1040
20,card,27.92,Americano with Milk,Night,Wed,Jul,3,7,31-07-2024,59:25.0,1041
21,card,32.82,Latte,Night,Wed,Jul,3,7,31-07-2024,21:26:26,1042
21,card,32.82,Latte,Night,Wed,Jul,3,7,31-07-2024,54:11.8,1043
21,card,32.82,Latte,Night,Wed,Jul,3,7,31-07-2024,55:16.6,1044
7,card,27.92,Americano with Milk,Morning,Thu,Aug,4,8,01-08-2024,31:00.1,1045
9,card,27.92,Americano with Milk,Morning,Thu,Aug,4,8,01-08-2024,25:20.1,1046
11,card,27.92,Americano with Milk,Morning,Thu,Aug,4,8,01-08-2024,04:14.1,1047
11,card,27.92,Americano with Milk,Morning,Thu,Aug,4,8,01-08-2024,22:46.4,1048
13,card,23.02,Cortado,Afternoon,Thu,Aug,4,8,01-08-2024,22:46.6,1049
13,card,32.82,Cappuccino,Afternoon,Thu,Aug,4,8,01-08-2024,23:37.3,1050
13,card,32.82,Cappuccino,Afternoon,Thu,Aug,4,8,01-08-2024,49:07.3,1051
15,card,27.92,Americano with Milk,Afternoon,Thu,Aug,4,8,01-08-2024,43:43.8,1052
16,card,27.92,Americano with Milk,Afternoon,Thu,Aug,4,8,01-08-2024,24:00.7,1053
16,card,23.02,Americano,Afternoon,Thu,Aug,4,8,01-08-2024,26:07.3,1054
17,card,23.02,Americano,Night,Thu,Aug,4,8,01-08-2024,23:35.2,1055
20,card,32.82,Cappuccino,Night,Thu,Aug,4,8,01-08-2024,41:28.1,1056
9,card,27.92,Americano with Milk,Morning,Fri,Aug,5,8,02-08-2024,01:54.2,1057
9,card,27.92,Americano with Milk,Morning,Fri,Aug,5,8,02-08-2024,35:02.9,1058
11,card,23.02,Cortado,Morning,Fri,Aug,5,8,02-08-2024,09:19.5,1059
18,card,27.92,Americano with Milk,Night,Fri,Aug,5,8,02-08-2024,08:35.3,1060
21,card,32.82,Latte,Night,Fri,Aug,5,8,02-08-2024,23:04.4,1061
8,card,27.92,Americano with Milk,Morning,Sat,Aug,6,8,03-08-2024,53:46.7,1062
9,card,27.92,Americano with Milk,Morning,Sat,Aug,6,8,03-08-2024,37:19.2,1063
9,card,27.92,Americano with Milk,Morning,Sat,Aug,6,8,03-08-2024,38:41.0,1064
10,card,27.92,Americano with Milk,Morning,Sat,Aug,6,8,03-08-2024,12:25.6,1065
11,card,23.02,Cortado,Morning,Sat,Aug,6,8,03-08-2024,20:26.6,1066
11,card,23.02,Cortado,Morning,Sat,Aug,6,8,03-08-2024,11:21:22,1067
11,card,18.12,Espresso,Morning,Sat,Aug,6,8,03-08-2024,56:36.6,1068
11,card,27.92,Americano with Milk,Morning,Sat,Aug,6,8,03-08-2024,57:31.3,1069
12,card,27.92,Americano with Milk,Afternoon,Sat,Aug,6,8,03-08-2024,03:35.8,1070
16,card,27.92,Americano with Milk,Afternoon,Sat,Aug,6,8,03-08-2024,53:59.9,1071
18,card,32.82,Cappuccino,Night,Sat,Aug,6,8,03-08-2024,38:42.0,1072
21,card,32.82,Latte,Night,Sat,Aug,6,8,03-08-2024,30:49.0,1073
21,card,32.82,Latte,Night,Sat,Aug,6,8,03-08-2024,33:06.3,1074
8,card,32.82,Cappuccino,Morning,Sun,Aug,7,8,04-08-2024,18:37.3,1075
10,card,27.92,Americano with Milk,Morning,Sun,Aug,7,8,04-08-2024,37:51.1,1076
11,card,32.82,Cappuccino,Morning,Sun,Aug,7,8,04-08-2024,50:54.6,1077
11,card,27.92,Americano with Milk,Morning,Sun,Aug,7,8,04-08-2024,52:33.0,1078
15,card,32.82,Cappuccino,Afternoon,Sun,Aug,7,8,04-08-2024,33:52.1,1079
15,card,32.82,Cappuccino,Afternoon,Sun,Aug,7,8,04-08-2024,35:05.9,1080
8,card,23.02,Cortado,Morning,Mon,Aug,1,8,05-08-2024,50:05.8,1081
9,card,27.92,Americano with Milk,Morning,Mon,Aug,1,8,05-08-2024,19:19.2,1082
11,card,23.02,Cortado,Morning,Mon,Aug,1,8,05-08-2024,20:47.4,1083
13,card,32.82,Cappuccino,Afternoon,Mon,Aug,1,8,05-08-2024,45:22.5,1084
16,card,32.82,Latte,Afternoon,Mon,Aug,1,8,05-08-2024,05:57.7,1085
16,card,32.82,Latte,Afternoon,Mon,Aug,1,8,05-08-2024,07:18.8,1086
17,card,32.82,Latte,Night,Mon,Aug,1,8,05-08-2024,44:24.5,1087
17,card,27.92,Americano with Milk,Night,Mon,Aug,1,8,05-08-2024,45:32.1,1088
19,card,32.82,Latte,Night,Mon,Aug,1,8,05-08-2024,20:02.7,1089
19,card,32.82,Latte,Night,Mon,Aug,1,8,05-08-2024,34:51.5,1090
20,card,32.82,Cocoa,Night,Mon,Aug,1,8,05-08-2024,49:30.9,1091
20,card,32.82,Cocoa,Night,Mon,Aug,1,8,05-08-2024,50:21.9,1092
22,card,27.92,Americano with Milk,Night,Mon,Aug,1,8,05-08-2024,43:48.2,1093
10,card,23.02,Cortado,Morning,Tue,Aug,2,8,06-08-2024,21:03.3,1094
10,card,32.82,Hot Chocolate,Morning,Tue,Aug,2,8,06-08-2024,32:32.3,1095
17,card,32.82,Cappuccino,Night,Tue,Aug,2,8,06-08-2024,40:49.2,1096
17,card,32.82,Latte,Night,Tue,Aug,2,8,06-08-2024,42:52.7,1097
17,card,32.82,Cocoa,Night,Tue,Aug,2,8,06-08-2024,44:05.1,1098
19,card,32.82,Latte,Night,Tue,Aug,2,8,06-08-2024,04:04.5,1099
19,card,27.92,Americano with Milk,Night,Tue,Aug,2,8,06-08-2024,05:23.1,1100
20,card,32.82,Latte,Night,Tue,Aug,2,8,06-08-2024,04:27.1,1101
8,card,27.92,Americano with Milk,Morning,Wed,Aug,3,8,07-08-2024,55:48.5,1102
12,card,23.02,Americano,Afternoon,Wed,Aug,3,8,07-08-2024,12:26.8,1103
12,card,23.02,Americano,Afternoon,Wed,Aug,3,8,07-08-2024,13:40.7,1104
13,card,18.12,Espresso,Afternoon,Wed,Aug,3,8,07-08-2024,11:16.2,1105
16,card,23.02,Americano,Afternoon,Wed,Aug,3,8,07-08-2024,19:01.7,1106
19,card,32.82,Latte,Night,Wed,Aug,3,8,07-08-2024,36:22.7,1107
20,card,32.82,Cocoa,Night,Wed,Aug,3,8,07-08-2024,40:09.3,1108
21,card,32.82,Cappuccino,Night,Wed,Aug,3,8,07-08-2024,18:12.0,1109
22,card,32.82,Latte,Night,Wed,Aug,3,8,07-08-2024,28:56.7,1110
22,card,32.82,Latte,Night,Wed,Aug,3,8,07-08-2024,32:16.0,1111
8,card,18.12,Espresso,Morning,Thu,Aug,4,8,08-08-2024,46:36.2,1112
8,card,23.02,Cortado,Morning,Thu,Aug,4,8,08-08-2024,47:28.7,1113
12,card,27.92,Americano with Milk,Afternoon,Thu,Aug,4,8,08-08-2024,27:05.4,1114
12,card,23.02,Cortado,Afternoon,Thu,Aug,4,8,08-08-2024,43:19.6,1115
12,card,23.02,Cortado,Afternoon,Thu,Aug,4,8,08-08-2024,44:15.0,1116
16,card,32.82,Cappuccino,Afternoon,Thu,Aug,4,8,08-08-2024,57:53.3,1117
17,card,32.82,Cappuccino,Night,Thu,Aug,4,8,08-08-2024,17:51.7,1118
21,card,27.92,Americano with Milk,Night,Thu,Aug,4,8,08-08-2024,25:59.3,1119
7,card,32.82,Latte,Morning,Fri,Aug,5,8,09-08-2024,35:22.3,1120
9,card,23.02,Americano,Morning,Fri,Aug,5,8,09-08-2024,53:34.6,1121
10,card,23.02,Cortado,Morning,Fri,Aug,5,8,09-08-2024,13:07.5,1122
10,card,27.92,Americano with Milk,Morning,Fri,Aug,5,8,09-08-2024,26:47.2,1123
11,card,32.82,Latte,Morning,Fri,Aug,5,8,09-08-2024,28:08.7,1124
11,card,23.02,Americano,Morning,Fri,Aug,5,8,09-08-2024,29:48.7,1125
18,card,23.02,Americano,Night,Fri,Aug,5,8,09-08-2024,56:27.7,1126
19,card,32.82,Hot Chocolate,Night,Fri,Aug,5,8,09-08-2024,03:06.6,1127
8,card,32.82,Cappuccino,Morning,Sat,Aug,6,8,10-08-2024,36:44.6,1128
8,card,27.92,Americano with Milk,Morning,Sat,Aug,6,8,10-08-2024,37:57.1,1129
8,card,23.02,Cortado,Morning,Sat,Aug,6,8,10-08-2024,45:09.0,1130
11,card,23.02,Cortado,Morning,Sat,Aug,6,8,10-08-2024,52:33.8,1131
11,card,23.02,Americano,Morning,Sat,Aug,6,8,10-08-2024,54:23.5,1132
12,card,32.82,Latte,Afternoon,Sat,Aug,6,8,10-08-2024,15:10.9,1133
12,card,27.92,Americano with Milk,Afternoon,Sat,Aug,6,8,10-08-2024,33:12.5,1134
16,card,32.82,Latte,Afternoon,Sat,Aug,6,8,10-08-2024,06:12.1,1135
21,card,32.82,Cocoa,Night,Sat,Aug,6,8,10-08-2024,16:48.6,1136
21,card,32.82,Cocoa,Night,Sat,Aug,6,8,10-08-2024,17:41.1,1137
21,card,32.82,Cocoa,Night,Sat,Aug,6,8,10-08-2024,37:41.5,1138
9,card,32.82,Latte,Morning,Sun,Aug,7,8,11-08-2024,52:36.6,1139
9,card,32.82,Latte,Morning,Sun,Aug,7,8,11-08-2024,53:43.6,1140
10,card,27.92,Americano with Milk,Morning,Sun,Aug,7,8,11-08-2024,17:23.6,1141
11,card,32.82,Cappuccino,Morning,Sun,Aug,7,8,11-08-2024,56:41.1,1142
11,card,27.92,Americano with Milk,Morning,Sun,Aug,7,8,11-08-2024,57:41.3,1143
12,card,23.02,Cortado,Afternoon,Sun,Aug,7,8,11-08-2024,20:19.6,1144
15,card,32.82,Latte,Afternoon,Sun,Aug,7,8,11-08-2024,53:51.6,1145
15,card,27.92,Americano with Milk,Afternoon,Sun,Aug,7,8,11-08-2024,55:14.9,1146
15,card,32.82,Cocoa,Afternoon,Sun,Aug,7,8,11-08-2024,56:27.7,1147
16,card,32.82,Cappuccino,Afternoon,Sun,Aug,7,8,11-08-2024,27:35.1,1148
16,card,18.12,Espresso,Afternoon,Sun,Aug,7,8,11-08-2024,28:38.3,1149
21,card,23.02,Cortado,Night,Sun,Aug,7,8,11-08-2024,30:32.5,1150
21,card,32.82,Latte,Night,Sun,Aug,7,8,11-08-2024,41:09.1,1151
21,card,32.82,Latte,Night,Sun,Aug,7,8,11-08-2024,43:10.1,1152
22,card,32.82,Cappuccino,Night,Sun,Aug,7,8,11-08-2024,39:29.9,1153
8,card,32.82,Hot Chocolate,Morning,Mon,Aug,1,8,12-08-2024,26:19.5,1154
11,card,27.92,Americano with Milk,Morning,Mon,Aug,1,8,12-08-2024,15:04.8,1155
11,card,23.02,Americano,Morning,Mon,Aug,1,8,12-08-2024,19:29.5,1156
11,card,32.82,Latte,Morning,Mon,Aug,1,8,12-08-2024,20:23.6,1157
11,card,32.82,Latte,Morning,Mon,Aug,1,8,12-08-2024,44:28.4,1158
14,card,18.12,Espresso,Afternoon,Mon,Aug,1,8,12-08-2024,04:03.4,1159
14,card,27.92,Americano with Milk,Afternoon,Mon,Aug,1,8,12-08-2024,05:06.9,1160
15,card,27.92,Americano with Milk,Afternoon,Mon,Aug,1,8,12-08-2024,33:33.1,1161
18,card,27.92,Americano with Milk,Night,Mon,Aug,1,8,12-08-2024,05:04.8,1162
21,card,27.92,Americano with Milk,Night,Mon,Aug,1,8,12-08-2024,25:49.4,1163
21,card,32.82,Latte,Night,Mon,Aug,1,8,12-08-2024,37:38.0,1164
22,card,32.82,Cappuccino,Night,Mon,Aug,1,8,12-08-2024,58:20.1,1165
22,card,32.82,Cappuccino,Night,Mon,Aug,1,8,12-08-2024,59:18.5,1166
8,card,27.92,Americano with Milk,Morning,Tue,Aug,2,8,13-08-2024,44:30.2,1167
9,card,27.92,Americano with Milk,Morning,Tue,Aug,2,8,13-08-2024,14:21.6,1168
9,card,27.92,Americano with Milk,Morning,Tue,Aug,2,8,13-08-2024,45:56.4,1169
10,card,23.02,Cortado,Morning,Tue,Aug,2,8,13-08-2024,42:08.8,1170
11,card,32.82,Latte,Morning,Tue,Aug,2,8,13-08-2024,59:47.6,1171
13,card,27.92,Americano with Milk,Afternoon,Tue,Aug,2,8,13-08-2024,01:41.5,1172
14,card,32.82,Latte,Afternoon,Tue,Aug,2,8,13-08-2024,45:39.7,1173
15,card,32.82,Cappuccino,Afternoon,Tue,Aug,2,8,13-08-2024,47:56.7,1174
15,card,27.92,Americano with Milk,Afternoon,Tue,Aug,2,8,13-08-2024,55:29.6,1175
20,card,32.82,Latte,Night,Tue,Aug,2,8,13-08-2024,29:34.5,1176
20,card,32.82,Cocoa,Night,Tue,Aug,2,8,13-08-2024,30:37.2,1177
20,card,32.82,Cappuccino,Night,Tue,Aug,2,8,13-08-2024,44:23.0,1178
21,card,23.02,Cortado,Night,Tue,Aug,2,8,13-08-2024,00:44.7,1179
7,card,32.82,Latte,Morning,Wed,Aug,3,8,14-08-2024,35:48.1,1180
7,card,32.82,Cappuccino,Morning,Wed,Aug,3,8,14-08-2024,36:55.6,1181
10,card,23.02,Cortado,Morning,Wed,Aug,3,8,14-08-2024,09:29.1,1182
11,card,18.12,Espresso,Morning,Wed,Aug,3,8,14-08-2024,39:07.9,1183
12,card,23.02,Americano,Afternoon,Wed,Aug,3,8,14-08-2024,49:17.0,1184
12,card,23.02,Americano,Afternoon,Wed,Aug,3,8,14-08-2024,51:04.9,1185
15,card,32.82,Latte,Afternoon,Wed,Aug,3,8,14-08-2024,21:27.3,1186
17,card,23.02,Americano,Night,Wed,Aug,3,8,14-08-2024,24:22.8,1187
18,card,23.02,Cortado,Night,Wed,Aug,3,8,14-08-2024,10:03.7,1188
18,card,27.92,Americano with Milk,Night,Wed,Aug,3,8,14-08-2024,59:18.3,1189
19,card,32.82,Latte,Night,Wed,Aug,3,8,14-08-2024,34:51.7,1190
19,card,23.02,Cortado,Night,Wed,Aug,3,8,14-08-2024,35:48.5,1191
21,card,32.82,Latte,Night,Wed,Aug,3,8,14-08-2024,41:33.0,1192
9,card,23.02,Cortado,Morning,Thu,Aug,4,8,15-08-2024,36:11.2,1193
9,card,32.82,Cappuccino,Morning,Thu,Aug,4,8,15-08-2024,37:02.2,1194
9,card,32.82,Hot Chocolate,Morning,Thu,Aug,4,8,15-08-2024,38:04.9,1195
9,card,32.82,Latte,Morning,Thu,Aug,4,8,15-08-2024,38:49.7,1196
12,card,32.82,Latte,Afternoon,Thu,Aug,4,8,15-08-2024,38:37.6,1197
13,card,32.82,Latte,Afternoon,Thu,Aug,4,8,15-08-2024,48:13.6,1198
14,card,23.02,Americano,Afternoon,Thu,Aug,4,8,15-08-2024,17:48.2,1199
14,card,18.12,Espresso,Afternoon,Thu,Aug,4,8,15-08-2024,18:50.8,1200
17,card,27.92,Americano with Milk,Night,Thu,Aug,4,8,15-08-2024,53:52.2,1201
19,card,32.82,Hot Chocolate,Night,Thu,Aug,4,8,15-08-2024,10:58.2,1202
19,card,27.92,Americano with Milk,Night,Thu,Aug,4,8,15-08-2024,11:54.0,1203
19,card,27.92,Americano with Milk,Night,Thu,Aug,4,8,15-08-2024,41:30.2,1204
19,card,23.02,Americano,Night,Thu,Aug,4,8,15-08-2024,42:38.0,1205
20,card,32.82,Cappuccino,Night,Thu,Aug,4,8,15-08-2024,40:41.5,1206
21,card,18.12,Espresso,Night,Thu,Aug,4,8,15-08-2024,35:20.1,1207
21,card,27.92,Americano with Milk,Night,Thu,Aug,4,8,15-08-2024,36:11.0,1208
12,card,32.82,Latte,Afternoon,Fri,Aug,5,8,16-08-2024,29:16.7,1209
12,card,23.02,Americano,Afternoon,Fri,Aug,5,8,16-08-2024,54:17.5,1210
13,card,27.92,Americano with Milk,Afternoon,Fri,Aug,5,8,16-08-2024,36:12.8,1211
15,card,18.12,Espresso,Afternoon,Fri,Aug,5,8,16-08-2024,18:51.7,1212
15,card,18.12,Espresso,Afternoon,Fri,Aug,5,8,16-08-2024,19:39.3,1213
9,card,27.92,Americano with Milk,Morning,Sat,Aug,6,8,17-08-2024,16:53.5,1214
9,card,32.82,Cappuccino,Morning,Sat,Aug,6,8,17-08-2024,18:09.0,1215
10,card,27.92,Americano with Milk,Morning,Sat,Aug,6,8,17-08-2024,53:41.3,1216
11,card,23.02,Cortado,Morning,Sat,Aug,6,8,17-08-2024,58:41.6,1217
11,card,23.02,Cortado,Morning,Sat,Aug,6,8,17-08-2024,59:28.3,1218
13,card,27.92,Americano with Milk,Afternoon,Sat,Aug,6,8,17-08-2024,18:40.2,1219
16,card,23.02,Cortado,Afternoon,Sat,Aug,6,8,17-08-2024,31:54.8,1220
16,card,32.82,Latte,Afternoon,Sat,Aug,6,8,17-08-2024,33:49.0,1221
18,card,32.82,Cappuccino,Night,Sat,Aug,6,8,17-08-2024,48:58.9,1222
21,card,27.92,Americano with Milk,Night,Sat,Aug,6,8,17-08-2024,18:56.8,1223
22,card,32.82,Latte,Night,Sat,Aug,6,8,17-08-2024,42:39.4,1224
8,card,32.82,Cappuccino,Morning,Sun,Aug,7,8,18-08-2024,09:42.6,1225
8,card,32.82,Cappuccino,Morning,Sun,Aug,7,8,18-08-2024,32:05.6,1226
8,card,23.02,Cortado,Morning,Sun,Aug,7,8,18-08-2024,41:06.2,1227
8,card,27.92,Americano with Milk,Morning,Sun,Aug,7,8,18-08-2024,56:01.3,1228
12,card,32.82,Cappuccino,Afternoon,Sun,Aug,7,8,18-08-2024,31:40.9,1229
14,card,27.92,Americano with Milk,Afternoon,Sun,Aug,7,8,18-08-2024,30:21.6,1230
18,card,27.92,Americano with Milk,Night,Sun,Aug,7,8,18-08-2024,24:10.8,1231
18,card,27.92,Americano with Milk,Night,Sun,Aug,7,8,18-08-2024,26:03.8,1232
18,card,23.02,Americano,Night,Sun,Aug,7,8,18-08-2024,27:17.6,1233
18,card,23.02,Americano,Night,Sun,Aug,7,8,18-08-2024,28:13.1,1234
15,card,27.92,Americano with Milk,Afternoon,Mon,Aug,1,8,19-08-2024,09:49.0,1235
15,card,27.92,Americano with Milk,Afternoon,Mon,Aug,1,8,19-08-2024,10:51.2,1236
21,card,32.82,Latte,Night,Mon,Aug,1,8,19-08-2024,21:12.1,1237
21,card,32.82,Cocoa,Night,Mon,Aug,1,8,19-08-2024,31:57.0,1238
8,card,23.02,Cortado,Morning,Tue,Aug,2,8,20-08-2024,27:16.4,1239
8,card,32.82,Latte,Morning,Tue,Aug,2,8,20-08-2024,29:14.9,1240
8,card,18.12,Espresso,Morning,Tue,Aug,2,8,20-08-2024,49:47.5,1241
8,card,23.02,Cortado,Morning,Tue,Aug,2,8,20-08-2024,50:36.3,1242
9,card,27.92,Americano with Milk,Morning,Tue,Aug,2,8,20-08-2024,14:54.9,1243
11,card,23.02,Americano,Morning,Tue,Aug,2,8,20-08-2024,09:55.6,1244
11,card,23.02,Americano,Morning,Tue,Aug,2,8,20-08-2024,11:39.1,1245
11,card,23.02,Americano,Morning,Tue,Aug,2,8,20-08-2024,12:31.2,1246
11,card,32.82,Latte,Morning,Tue,Aug,2,8,20-08-2024,11:42:20,1247
20,card,32.82,Latte,Night,Tue,Aug,2,8,20-08-2024,42:40.9,1248
20,card,32.82,Latte,Night,Tue,Aug,2,8,20-08-2024,44:14.9,1249
20,card,32.82,Latte,Night,Tue,Aug,2,8,20-08-2024,45:12.3,1250
20,card,32.82,Latte,Night,Tue,Aug,2,8,20-08-2024,46:04.0,1251
7,card,27.92,Americano with Milk,Morning,Wed,Aug,3,8,21-08-2024,59:13.1,1252
8,card,23.02,Cortado,Morning,Wed,Aug,3,8,21-08-2024,40:27.4,1253
10,card,23.02,Americano,Morning,Wed,Aug,3,8,21-08-2024,13:32.4,1254
10,card,27.92,Americano with Milk,Morning,Wed,Aug,3,8,21-08-2024,38:44.5,1255
11,card,23.02,Cortado,Morning,Wed,Aug,3,8,21-08-2024,51:41.4,1256
13,card,32.82,Latte,Afternoon,Wed,Aug,3,8,21-08-2024,17:10.8,1257
19,card,32.82,Latte,Night,Wed,Aug,3,8,21-08-2024,42:03.5,1258
9,card,23.02,Cortado,Morning,Thu,Aug,4,8,22-08-2024,22:26.3,1259
10,card,27.92,Americano with Milk,Morning,Thu,Aug,4,8,22-08-2024,09:23.5,1260
10,card,27.92,Americano with Milk,Morning,Thu,Aug,4,8,22-08-2024,47:59.4,1261
14,card,32.82,Latte,Afternoon,Thu,Aug,4,8,22-08-2024,16:12.1,1262
14,card,32.82,Latte,Afternoon,Thu,Aug,4,8,22-08-2024,26:58.3,1263
15,card,32.82,Cappuccino,Afternoon,Thu,Aug,4,8,22-08-2024,07:07.4,1264
15,card,23.02,Americano,Afternoon,Thu,Aug,4,8,22-08-2024,27:27.3,1265
7,card,32.82,Latte,Morning,Fri,Aug,5,8,23-08-2024,43:16.1,1266
8,card,23.02,Cortado,Morning,Fri,Aug,5,8,23-08-2024,21:48.1,1267
8,card,32.82,Latte,Morning,Fri,Aug,5,8,23-08-2024,22:56.6,1268
8,card,23.02,Americano,Morning,Fri,Aug,5,8,23-08-2024,33:38.7,1269
8,card,23.02,Americano,Morning,Fri,Aug,5,8,23-08-2024,34:35.0,1270
9,card,27.92,Americano with Milk,Morning,Fri,Aug,5,8,23-08-2024,14:52.0,1271
10,card,32.82,Cocoa,Morning,Fri,Aug,5,8,23-08-2024,10:58.7,1272
10,card,23.02,Americano,Morning,Fri,Aug,5,8,23-08-2024,11:55.5,1273
10,card,23.02,Cortado,Morning,Fri,Aug,5,8,23-08-2024,39:12.3,1274
11,card,32.82,Hot Chocolate,Morning,Fri,Aug,5,8,23-08-2024,12:59.4,1275
13,card,23.02,Americano,Afternoon,Fri,Aug,5,8,23-08-2024,24:54.7,1276
15,card,23.02,Americano,Afternoon,Fri,Aug,5,8,23-08-2024,28:52.8,1277
19,card,32.82,Latte,Night,Fri,Aug,5,8,23-08-2024,48:02.8,1278
8,card,23.02,Cortado,Morning,Sat,Aug,6,8,24-08-2024,13:42.3,1279
8,card,23.02,Cortado,Morning,Sat,Aug,6,8,24-08-2024,14:47.6,1280
8,card,23.02,Cortado,Morning,Sat,Aug,6,8,24-08-2024,44:11.6,1281
10,card,18.12,Espresso,Morning,Sat,Aug,6,8,24-08-2024,18:09.5,1282
10,card,18.12,Espresso,Morning,Sat,Aug,6,8,24-08-2024,18:52.3,1283
10,card,23.02,Americano,Morning,Sat,Aug,6,8,24-08-2024,19:49.2,1284
8,card,23.02,Cortado,Morning,Sun,Aug,7,8,25-08-2024,14:37.4,1285
8,card,23.02,Americano,Morning,Sun,Aug,7,8,25-08-2024,26:27.7,1286
8,card,23.02,Americano,Morning,Sun,Aug,7,8,25-08-2024,27:36.4,1287
9,card,32.82,Cappuccino,Morning,Sun,Aug,7,8,25-08-2024,24:22.3,1288
12,card,32.82,Cappuccino,Afternoon,Sun,Aug,7,8,25-08-2024,41:42.7,1289
14,card,32.82,Latte,Afternoon,Sun,Aug,7,8,25-08-2024,53:02.7,1290
8,card,23.02,Cortado,Morning,Mon,Aug,1,8,26-08-2024,11:47.3,1291
8,card,23.02,Americano,Morning,Mon,Aug,1,8,26-08-2024,16:09.6,1292
8,card,23.02,Americano,Morning,Mon,Aug,1,8,26-08-2024,17:23.2,1293
9,card,27.92,Americano with Milk,Morning,Mon,Aug,1,8,26-08-2024,21:36.7,1294
10,card,32.82,Latte,Morning,Mon,Aug,1,8,26-08-2024,37:44.5,1295
10,card,32.82,Cappuccino,Morning,Mon,Aug,1,8,26-08-2024,38:49.0,1296
12,card,23.02,Americano,Afternoon,Mon,Aug,1,8,26-08-2024,45:13.2,1297
12,card,23.02,Americano,Afternoon,Mon,Aug,1,8,26-08-2024,46:23.6,1298
18,card,27.92,Americano with Milk,Night,Mon,Aug,1,8,26-08-2024,53:27.8,1299
18,card,32.82,Latte,Night,Mon,Aug,1,8,26-08-2024,54:31.3,1300
22,card,27.92,Americano with Milk,Night,Mon,Aug,1,8,26-08-2024,55:39.9,1301
10,card,32.82,Latte,Morning,Tue,Aug,2,8,27-08-2024,04:04.6,1302
12,card,27.92,Americano with Milk,Afternoon,Wed,Aug,3,8,28-08-2024,08:18.8,1303
12,card,32.82,Cappuccino,Afternoon,Wed,Aug,3,8,28-08-2024,10:04.1,1304
12,card,23.02,Americano,Afternoon,Wed,Aug,3,8,28-08-2024,35:06.9,1305
13,card,27.92,Americano with Milk,Afternoon,Wed,Aug,3,8,28-08-2024,48:35.2,1306
7,card,23.02,Americano,Morning,Thu,Aug,4,8,29-08-2024,29:30.3,1307
17,card,32.82,Latte,Night,Fri,Aug,5,8,30-08-2024,13:30.5,1308
17,card,27.92,Americano with Milk,Night,Fri,Aug,5,8,30-08-2024,14:32.8,1309
17,card,27.92,Americano with Milk,Night,Fri,Aug,5,8,30-08-2024,15:35.4,1310
9,card,23.02,Cortado,Morning,Sat,Aug,6,8,31-08-2024,08:32.5,1311
10,card,27.92,Americano with Milk,Morning,Sat,Aug,6,8,31-08-2024,02:08.2,1312
10,card,18.12,Espresso,Morning,Sat,Aug,6,8,31-08-2024,22:26.9,1313
11,card,27.92,Americano with Milk,Morning,Sat,Aug,6,8,31-08-2024,29:54.6,1314
11,card,23.02,Cortado,Morning,Sat,Aug,6,8,31-08-2024,33:39.9,1315
11,card,23.02,Cortado,Morning,Sat,Aug,6,8,31-08-2024,34:32.9,1316
9,card,23.02,Cortado,Morning,Sun,Sep,7,9,01-09-2024,34:15.2,1317
12,card,32.82,Cappuccino,Afternoon,Sun,Sep,7,9,01-09-2024,11:24.7,1318
12,card,27.92,Americano with Milk,Afternoon,Sun,Sep,7,9,01-09-2024,30:08.6,1319
12,card,23.02,Americano,Afternoon,Sun,Sep,7,9,01-09-2024,32:22.0,1320
12,card,27.92,Americano with Milk,Afternoon,Sun,Sep,7,9,01-09-2024,50:17.4,1321
13,card,32.82,Latte,Afternoon,Sun,Sep,7,9,01-09-2024,57:33.9,1322
14,card,27.92,Americano with Milk,Afternoon,Sun,Sep,7,9,01-09-2024,44:04.0,1323
17,card,32.82,Latte,Night,Sun,Sep,7,9,01-09-2024,20:46.3,1324
17,card,32.82,Latte,Night,Sun,Sep,7,9,01-09-2024,23:13.9,1325
17,card,32.82,Latte,Night,Sun,Sep,7,9,01-09-2024,24:49.7,1326
8,card,32.82,Latte,Morning,Mon,Sep,1,9,02-09-2024,24:39.8,1327
8,card,27.92,Americano with Milk,Morning,Mon,Sep,1,9,02-09-2024,50:17.6,1328
8,card,32.82,Latte,Morning,Mon,Sep,1,9,02-09-2024,51:33.1,1329
14,card,27.92,Americano with Milk,Afternoon,Mon,Sep,1,9,02-09-2024,58:47.1,1330
20,card,32.82,Cappuccino,Night,Mon,Sep,1,9,02-09-2024,09:43.9,1331
20,card,32.82,Cocoa,Night,Mon,Sep,1,9,02-09-2024,11:17.9,1332
20,card,23.02,Americano,Night,Mon,Sep,1,9,02-09-2024,52:32.0,1333
20,card,23.02,Americano,Night,Mon,Sep,1,9,02-09-2024,53:29.1,1334
8,card,32.82,Cocoa,Morning,Tue,Sep,2,9,03-09-2024,22:15.4,1335
8,card,32.82,Cappuccino,Morning,Tue,Sep,2,9,03-09-2024,28:12.4,1336
8,card,32.82,Latte,Morning,Tue,Sep,2,9,03-09-2024,41:11.7,1337
9,card,27.92,Americano with Milk,Morning,Tue,Sep,2,9,03-09-2024,03:12.5,1338
9,card,32.82,Cappuccino,Morning,Tue,Sep,2,9,03-09-2024,04:11.7,1339
9,card,32.82,Cocoa,Morning,Tue,Sep,2,9,03-09-2024,12:48.2,1340
9,card,32.82,Cocoa,Morning,Tue,Sep,2,9,03-09-2024,13:33.7,1341
9,card,27.92,Americano with Milk,Morning,Tue,Sep,2,9,03-09-2024,17:02.2,1342
9,card,27.92,Americano with Milk,Morning,Tue,Sep,2,9,03-09-2024,20:17.2,1343
9,card,32.82,Latte,Morning,Tue,Sep,2,9,03-09-2024,37:52.3,1344
9,card,32.82,Cocoa,Morning,Tue,Sep,2,9,03-09-2024,38:56.4,1345
12,card,23.02,Cortado,Afternoon,Tue,Sep,2,9,03-09-2024,56:53.4,1346
14,card,27.92,Americano with Milk,Afternoon,Tue,Sep,2,9,03-09-2024,14:51.7,1347
14,card,27.92,Americano with Milk,Afternoon,Tue,Sep,2,9,03-09-2024,16:17.3,1348
18,card,27.92,Americano with Milk,Night,Tue,Sep,2,9,03-09-2024,48:34.7,1349
19,card,32.82,Latte,Night,Tue,Sep,2,9,03-09-2024,11:12.3,1350
19,card,27.92,Americano with Milk,Night,Tue,Sep,2,9,03-09-2024,17:13.8,1351
11,card,27.92,Americano with Milk,Morning,Wed,Sep,3,9,04-09-2024,11:21.6,1352
11,card,32.82,Latte,Morning,Wed,Sep,3,9,04-09-2024,33:36.6,1353
11,card,23.02,Americano,Morning,Wed,Sep,3,9,04-09-2024,48:03.5,1354
11,card,27.92,Americano with Milk,Morning,Wed,Sep,3,9,04-09-2024,55:34.5,1355
12,card,32.82,Latte,Afternoon,Wed,Sep,3,9,04-09-2024,53:31.3,1356
13,card,32.82,Latte,Afternoon,Wed,Sep,3,9,04-09-2024,03:50.6,1357
13,card,27.92,Americano with Milk,Afternoon,Wed,Sep,3,9,04-09-2024,05:16.1,1358
18,card,32.82,Cappuccino,Night,Wed,Sep,3,9,04-09-2024,03:46.9,1359
19,card,27.92,Americano with Milk,Night,Wed,Sep,3,9,04-09-2024,41:42.0,1360
21,card,32.82,Latte,Night,Wed,Sep,3,9,04-09-2024,19:35.6,1361
9,card,27.92,Americano with Milk,Morning,Thu,Sep,4,9,05-09-2024,31:17.0,1362
10,card,27.92,Americano with Milk,Morning,Thu,Sep,4,9,05-09-2024,28:56.2,1363
11,card,23.02,Americano,Morning,Thu,Sep,4,9,05-09-2024,06:30.6,1364
14,card,32.82,Latte,Afternoon,Thu,Sep,4,9,05-09-2024,00:27.7,1365
15,card,32.82,Latte,Afternoon,Thu,Sep,4,9,05-09-2024,25:12.3,1366
16,card,23.02,Americano,Afternoon,Thu,Sep,4,9,05-09-2024,38:50.4,1367
16,card,27.92,Americano with Milk,Afternoon,Thu,Sep,4,9,05-09-2024,39:59.6,1368
17,card,32.82,Cappuccino,Night,Thu,Sep,4,9,05-09-2024,04:28.9,1369
17,card,32.82,Cappuccino,Night,Thu,Sep,4,9,05-09-2024,05:31.7,1370
20,card,32.82,Cappuccino,Night,Thu,Sep,4,9,05-09-2024,30:15.0,1371
20,card,23.02,Americano,Night,Thu,Sep,4,9,05-09-2024,54:24.4,1372
20,card,32.82,Cappuccino,Night,Thu,Sep,4,9,05-09-2024,55:31.4,1373
21,card,27.92,Americano with Milk,Night,Thu,Sep,4,9,05-09-2024,26:28.8,1374
21,card,27.92,Americano with Milk,Night,Thu,Sep,4,9,05-09-2024,27:30.0,1375
8,card,32.82,Cappuccino,Morning,Fri,Sep,5,9,06-09-2024,25:33.9,1376
8,card,32.82,Latte,Morning,Fri,Sep,5,9,06-09-2024,34:46.8,1377
8,card,23.02,Americano,Morning,Fri,Sep,5,9,06-09-2024,54:41.9,1378
9,card,18.12,Espresso,Morning,Fri,Sep,5,9,06-09-2024,50:39.9,1379
9,card,32.82,Latte,Morning,Fri,Sep,5,9,06-09-2024,51:52.2,1380
10,card,32.82,Hot Chocolate,Morning,Fri,Sep,5,9,06-09-2024,30:06.0,1381
11,card,18.12,Espresso,Morning,Fri,Sep,5,9,06-09-2024,23:25.4,1382
11,card,18.12,Espresso,Morning,Fri,Sep,5,9,06-09-2024,24:29.3,1383
20,card,32.82,Latte,Night,Fri,Sep,5,9,06-09-2024,00:12.0,1384
21,card,32.82,Latte,Night,Fri,Sep,5,9,06-09-2024,09:31.2,1385
8,card,32.82,Latte,Morning,Sat,Sep,6,9,07-09-2024,48:57.0,1386
9,card,23.02,Cortado,Morning,Sat,Sep,6,9,07-09-2024,52:03.0,1387
9,card,23.02,Cortado,Morning,Sat,Sep,6,9,07-09-2024,53:03.6,1388
9,card,23.02,Cortado,Morning,Sat,Sep,6,9,07-09-2024,54:41.6,1389
9,card,27.92,Americano with Milk,Morning,Sat,Sep,6,9,07-09-2024,57:47.7,1390
9,card,27.92,Americano with Milk,Morning,Sat,Sep,6,9,07-09-2024,59:02.3,1391
10,card,23.02,Cortado,Morning,Sat,Sep,6,9,07-09-2024,00:19.7,1392
10,card,23.02,Americano,Morning,Sat,Sep,6,9,07-09-2024,22:44.5,1393
10,card,18.12,Espresso,Morning,Sat,Sep,6,9,07-09-2024,37:52.3,1394
10,card,18.12,Espresso,Morning,Sat,Sep,6,9,07-09-2024,40:12.6,1395
10,card,32.82,Latte,Morning,Sat,Sep,6,9,07-09-2024,53:32.2,1396
11,card,27.92,Americano with Milk,Morning,Sat,Sep,6,9,07-09-2024,18:56.8,1397
11,card,23.02,Americano,Morning,Sat,Sep,6,9,07-09-2024,20:00.0,1398
11,card,18.12,Espresso,Morning,Sat,Sep,6,9,07-09-2024,20:57.1,1399
15,card,32.82,Latte,Afternoon,Sat,Sep,6,9,07-09-2024,55:08.5,1400
16,card,23.02,Americano,Afternoon,Sat,Sep,6,9,07-09-2024,20:01.0,1401
16,card,18.12,Espresso,Afternoon,Sat,Sep,6,9,07-09-2024,20:59.3,1402
19,card,32.82,Cocoa,Night,Sat,Sep,6,9,07-09-2024,35:04.9,1403
19,card,32.82,Latte,Night,Sat,Sep,6,9,07-09-2024,36:05.1,1404
19,card,32.82,Latte,Night,Sat,Sep,6,9,07-09-2024,37:15.5,1405
20,card,32.82,Latte,Night,Sat,Sep,6,9,07-09-2024,13:51.7,1406
20,card,32.82,Latte,Night,Sat,Sep,6,9,07-09-2024,14:59.2,1407
8,card,23.02,Cortado,Morning,Sun,Sep,7,9,08-09-2024,15:40.8,1408
9,card,23.02,Cortado,Morning,Sun,Sep,7,9,08-09-2024,18:17.0,1409
9,card,23.02,Cortado,Morning,Sun,Sep,7,9,08-09-2024,19:12.4,1410
10,card,23.02,Cortado,Morning,Sun,Sep,7,9,08-09-2024,05:56.1,1411
12,card,23.02,Cortado,Afternoon,Sun,Sep,7,9,08-09-2024,43:28.0,1412
20,card,23.02,Americano,Night,Sun,Sep,7,9,08-09-2024,13:32.9,1413
7,card,32.82,Latte,Morning,Mon,Sep,1,9,09-09-2024,51:13.6,1414
7,card,32.82,Cappuccino,Morning,Mon,Sep,1,9,09-09-2024,53:51.6,1415
7,card,27.92,Americano with Milk,Morning,Mon,Sep,1,9,09-09-2024,55:21.6,1416
7,card,32.82,Latte,Morning,Mon,Sep,1,9,09-09-2024,56:37.7,1417
9,card,32.82,Latte,Morning,Mon,Sep,1,9,09-09-2024,49:50.7,1418
9,card,32.82,Hot Chocolate,Morning,Mon,Sep,1,9,09-09-2024,50:51.7,1419
9,card,32.82,Latte,Morning,Mon,Sep,1,9,09-09-2024,59:10.7,1420
11,card,27.92,Americano with Milk,Morning,Mon,Sep,1,9,09-09-2024,11:36.1,1421
11,card,27.92,Americano with Milk,Morning,Mon,Sep,1,9,09-09-2024,12:50.6,1422
11,card,32.82,Latte,Morning,Mon,Sep,1,9,09-09-2024,29:49.2,1423
12,card,18.12,Espresso,Afternoon,Mon,Sep,1,9,09-09-2024,06:59.7,1424
15,card,32.82,Latte,Afternoon,Mon,Sep,1,9,09-09-2024,12:13.8,1425
15,card,23.02,Americano,Afternoon,Mon,Sep,1,9,09-09-2024,13:24.5,1426
17,card,32.82,Latte,Night,Mon,Sep,1,9,09-09-2024,24:10.4,1427
18,card,32.82,Latte,Night,Mon,Sep,1,9,09-09-2024,13:46.3,1428
20,card,32.82,Cappuccino,Night,Mon,Sep,1,9,09-09-2024,07:36.2,1429
20,card,32.82,Latte,Night,Mon,Sep,1,9,09-09-2024,13:43.5,1430
8,card,32.82,Hot Chocolate,Morning,Tue,Sep,2,9,10-09-2024,12:02.4,1431
9,card,32.82,Cappuccino,Morning,Tue,Sep,2,9,10-09-2024,32:46.8,1432
15,card,23.02,Cortado,Afternoon,Tue,Sep,2,9,10-09-2024,21:54.4,1433
15,card,23.02,Cortado,Afternoon,Tue,Sep,2,9,10-09-2024,23:05.9,1434
18,card,32.82,Cappuccino,Night,Tue,Sep,2,9,10-09-2024,43:41.8,1435
18,card,27.92,Americano with Milk,Night,Tue,Sep,2,9,10-09-2024,45:22.6,1436
19,card,32.82,Latte,Night,Tue,Sep,2,9,10-09-2024,02:43.0,1437
19,card,32.82,Latte,Night,Tue,Sep,2,9,10-09-2024,03:53.3,1438
21,card,27.92,Americano with Milk,Night,Tue,Sep,2,9,10-09-2024,29:34.6,1439
21,card,23.02,Americano,Night,Tue,Sep,2,9,10-09-2024,30:27.0,1440
8,card,32.82,Latte,Morning,Wed,Sep,3,9,11-09-2024,47:22.3,1441
9,card,27.92,Americano with Milk,Morning,Wed,Sep,3,9,11-09-2024,28:46.8,1442
10,card,32.82,Latte,Morning,Wed,Sep,3,9,11-09-2024,52:09.2,1443
19,card,32.82,Cappuccino,Night,Wed,Sep,3,9,11-09-2024,53:12.5,1444
20,card,27.92,Americano with Milk,Night,Wed,Sep,3,9,11-09-2024,13:14.9,1445
20,card,32.82,Latte,Night,Wed,Sep,3,9,11-09-2024,14:18.9,1446
20,card,32.82,Latte,Night,Wed,Sep,3,9,11-09-2024,15:19.3,1447
21,card,23.02,Cortado,Night,Wed,Sep,3,9,11-09-2024,01:34.2,1448
10,card,18.12,Espresso,Morning,Thu,Sep,4,9,12-09-2024,57:25.6,1449
10,card,27.92,Americano with Milk,Morning,Thu,Sep,4,9,12-09-2024,58:19.8,1450
11,card,27.92,Americano with Milk,Morning,Thu,Sep,4,9,12-09-2024,27:36.1,1451
12,card,32.82,Cappuccino,Afternoon,Thu,Sep,4,9,12-09-2024,08:22.2,1452
12,card,23.02,Cortado,Afternoon,Thu,Sep,4,9,12-09-2024,31:07.0,1453
12,card,23.02,Cortado,Afternoon,Thu,Sep,4,9,12-09-2024,32:23.0,1454
12,card,23.02,Cortado,Afternoon,Thu,Sep,4,9,12-09-2024,37:20.4,1455
12,card,23.02,Cortado,Afternoon,Thu,Sep,4,9,12-09-2024,38:09.7,1456
17,card,32.82,Latte,Night,Thu,Sep,4,9,12-09-2024,01:25.2,1457
21,card,23.02,Americano,Night,Thu,Sep,4,9,12-09-2024,09:10.4,1458
21,card,32.82,Cappuccino,Night,Thu,Sep,4,9,12-09-2024,10:21.2,1459
21,card,23.02,Cortado,Night,Thu,Sep,4,9,12-09-2024,13:16.8,1460
7,card,32.82,Latte,Morning,Fri,Sep,5,9,13-09-2024,56:53.8,1461
8,card,32.82,Latte,Morning,Fri,Sep,5,9,13-09-2024,41:03.0,1462
8,card,32.82,Latte,Morning,Fri,Sep,5,9,13-09-2024,54:15.8,1463
9,card,32.82,Latte,Morning,Fri,Sep,5,9,13-09-2024,51:19.4,1464
15,card,27.92,Americano with Milk,Afternoon,Fri,Sep,5,9,13-09-2024,38:18.9,1465
15,card,27.92,Americano with Milk,Afternoon,Fri,Sep,5,9,13-09-2024,50:53.9,1466
16,card,32.82,Cappuccino,Afternoon,Sat,Sep,6,9,14-09-2024,29:19.4,1467
16,card,32.82,Cappuccino,Afternoon,Sat,Sep,6,9,14-09-2024,30:16.9,1468
8,card,18.12,Espresso,Morning,Sun,Sep,7,9,15-09-2024,42:40.9,1469
9,card,27.92,Americano with Milk,Morning,Sun,Sep,7,9,15-09-2024,49:38.7,1470
13,card,23.02,Americano,Afternoon,Sun,Sep,7,9,15-09-2024,49:37.4,1471
14,card,23.02,Cortado,Afternoon,Sun,Sep,7,9,15-09-2024,36:19.3,1472
14,card,23.02,Cortado,Afternoon,Sun,Sep,7,9,15-09-2024,37:20.6,1473
14,card,32.82,Cappuccino,Afternoon,Sun,Sep,7,9,15-09-2024,53:18.7,1474
13,card,32.82,Latte,Afternoon,Mon,Sep,1,9,16-09-2024,32:22.9,1475
13,card,27.92,Americano with Milk,Afternoon,Mon,Sep,1,9,16-09-2024,33:36.8,1476
15,card,32.82,Latte,Afternoon,Mon,Sep,1,9,16-09-2024,23:19.3,1477
17,card,27.92,Americano with Milk,Night,Mon,Sep,1,9,16-09-2024,16:05.7,1478
17,card,32.82,Latte,Night,Mon,Sep,1,9,16-09-2024,18:03.3,1479
18,card,32.82,Latte,Night,Mon,Sep,1,9,16-09-2024,54:45.4,1480
18,card,32.82,Latte,Night,Mon,Sep,1,9,16-09-2024,56:05.3,1481
21,card,27.92,Americano with Milk,Night,Mon,Sep,1,9,16-09-2024,10:18.7,1482
21,card,32.82,Latte,Night,Mon,Sep,1,9,16-09-2024,11:32.5,1483
21,card,27.92,Americano with Milk,Night,Mon,Sep,1,9,16-09-2024,37:47.3,1484
21,card,27.92,Americano with Milk,Night,Mon,Sep,1,9,16-09-2024,38:48.7,1485
7,card,23.02,Cortado,Morning,Tue,Sep,2,9,17-09-2024,54:57.9,1486
8,card,32.82,Latte,Morning,Tue,Sep,2,9,17-09-2024,09:00.9,1487
8,card,27.92,Americano with Milk,Morning,Tue,Sep,2,9,17-09-2024,37:37.6,1488
8,card,23.02,Cortado,Morning,Tue,Sep,2,9,17-09-2024,42:31.5,1489
9,card,32.82,Cappuccino,Morning,Tue,Sep,2,9,17-09-2024,10:03.8,1490
9,card,27.92,Americano with Milk,Morning,Tue,Sep,2,9,17-09-2024,11:08.2,1491
9,card,27.92,Americano with Milk,Morning,Tue,Sep,2,9,17-09-2024,34:56.8,1492
12,card,18.12,Espresso,Afternoon,Tue,Sep,2,9,17-09-2024,38:33.8,1493
12,card,27.92,Americano with Milk,Afternoon,Tue,Sep,2,9,17-09-2024,39:33.7,1494
12,card,32.82,Latte,Afternoon,Tue,Sep,2,9,17-09-2024,44:15.2,1495
13,card,27.92,Americano with Milk,Afternoon,Tue,Sep,2,9,17-09-2024,54:23.0,1496
13,card,23.02,Cortado,Afternoon,Tue,Sep,2,9,17-09-2024,55:31.2,1497
16,card,32.82,Cappuccino,Afternoon,Tue,Sep,2,9,17-09-2024,29:37.2,1498
16,card,32.82,Latte,Afternoon,Tue,Sep,2,9,17-09-2024,31:00.7,1499
18,card,32.82,Hot Chocolate,Night,Tue,Sep,2,9,17-09-2024,54:23.8,1500
19,card,27.92,Americano with Milk,Night,Tue,Sep,2,9,17-09-2024,00:45.9,1501
19,card,27.92,Americano with Milk,Night,Tue,Sep,2,9,17-09-2024,03:53.3,1502
19,card,32.82,Latte,Night,Tue,Sep,2,9,17-09-2024,12:47.9,1503
19,card,27.92,Americano with Milk,Night,Tue,Sep,2,9,17-09-2024,13:59.7,1504
19,card,27.92,Americano with Milk,Night,Tue,Sep,2,9,17-09-2024,14:59.5,1505
19,card,27.92,Americano with Milk,Night,Tue,Sep,2,9,17-09-2024,31:57.4,1506
22,card,32.82,Hot Chocolate,Night,Tue,Sep,2,9,17-09-2024,19:36.0,1507
22,card,32.82,Hot Chocolate,Night,Tue,Sep,2,9,17-09-2024,20:19.5,1508
14,card,32.82,Latte,Afternoon,Wed,Sep,3,9,18-09-2024,29:48.9,1509
17,card,32.82,Latte,Night,Wed,Sep,3,9,18-09-2024,34:19.7,1510
21,card,27.92,Americano with Milk,Night,Wed,Sep,3,9,18-09-2024,15:38.8,1511
21,card,27.92,Americano with Milk,Night,Wed,Sep,3,9,18-09-2024,18:21.6,1512
8,card,27.92,Americano with Milk,Morning,Thu,Sep,4,9,19-09-2024,17:18.7,1513
8,card,23.02,Cortado,Morning,Thu,Sep,4,9,19-09-2024,30:29.0,1514
10,card,32.82,Latte,Morning,Thu,Sep,4,9,19-09-2024,01:30.6,1515
12,card,23.02,Americano,Afternoon,Thu,Sep,4,9,19-09-2024,59:33.6,1516
13,card,27.92,Americano with Milk,Afternoon,Thu,Sep,4,9,19-09-2024,00:33.6,1517
13,card,23.02,Cortado,Afternoon,Thu,Sep,4,9,19-09-2024,45:42.4,1518
8,card,27.92,Americano with Milk,Morning,Fri,Sep,5,9,20-09-2024,34:56.9,1519
9,card,27.92,Americano with Milk,Morning,Fri,Sep,5,9,20-09-2024,46:15.4,1520
13,card,27.92,Americano with Milk,Afternoon,Fri,Sep,5,9,20-09-2024,39:55.5,1521
16,card,32.82,Latte,Afternoon,Fri,Sep,5,9,20-09-2024,03:29.6,1522
20,card,23.02,Americano,Night,Fri,Sep,5,9,20-09-2024,39:23.1,1523
21,card,27.92,Americano with Milk,Night,Fri,Sep,5,9,20-09-2024,31:36.6,1524
21,card,27.92,Americano with Milk,Night,Fri,Sep,5,9,20-09-2024,32:43.0,1525
11,card,32.82,Latte,Morning,Sat,Sep,6,9,21-09-2024,01:14.9,1526
11,card,32.82,Cocoa,Morning,Sat,Sep,6,9,21-09-2024,02:13.8,1527
11,card,23.02,Cortado,Morning,Sat,Sep,6,9,21-09-2024,37:47.2,1528
11,card,23.02,Cortado,Morning,Sat,Sep,6,9,21-09-2024,38:45.0,1529
15,card,32.82,Cappuccino,Afternoon,Sat,Sep,6,9,21-09-2024,10:09.4,1530
15,card,32.82,Latte,Afternoon,Sat,Sep,6,9,21-09-2024,36:13.6,1531
18,card,32.82,Latte,Night,Sat,Sep,6,9,21-09-2024,16:28.7,1532
18,card,32.82,Latte,Night,Sat,Sep,6,9,21-09-2024,17:30.7,1533
20,card,23.02,Americano,Night,Sat,Sep,6,9,21-09-2024,29:42.9,1534
20,card,23.02,Americano,Night,Sat,Sep,6,9,21-09-2024,30:38.9,1535
20,card,32.82,Latte,Night,Sat,Sep,6,9,21-09-2024,33:58.2,1536
20,card,32.82,Latte,Night,Sat,Sep,6,9,21-09-2024,35:30.2,1537
22,card,27.92,Americano with Milk,Night,Sat,Sep,6,9,21-09-2024,18:46.1,1538
22,card,23.02,Americano,Night,Sat,Sep,6,9,21-09-2024,19:50.1,1539
22,card,23.02,Americano,Night,Sat,Sep,6,9,21-09-2024,20:48.4,1540
8,card,23.02,Americano,Morning,Sun,Sep,7,9,22-09-2024,32:54.2,1541
10,card,27.92,Americano with Milk,Morning,Sun,Sep,7,9,22-09-2024,12:09.8,1542
10,card,32.82,Latte,Morning,Sun,Sep,7,9,22-09-2024,13:08.6,1543
11,card,23.02,Cortado,Morning,Sun,Sep,7,9,22-09-2024,06:26.3,1544
11,card,23.02,Cortado,Morning,Sun,Sep,7,9,22-09-2024,07:36.4,1545
11,card,27.92,Americano with Milk,Morning,Sun,Sep,7,9,22-09-2024,51:59.9,1546
11,card,23.02,Americano,Morning,Sun,Sep,7,9,22-09-2024,55:12.9,1547
12,card,27.92,Americano with Milk,Afternoon,Sun,Sep,7,9,22-09-2024,07:20.8,1548
13,card,27.92,Americano with Milk,Afternoon,Sun,Sep,7,9,22-09-2024,28:14.7,1549
13,card,27.92,Americano with Milk,Afternoon,Sun,Sep,7,9,22-09-2024,29:35.9,1550
13,card,27.92,Americano with Milk,Afternoon,Sun,Sep,7,9,22-09-2024,33:34.6,1551
15,card,32.82,Latte,Afternoon,Sun,Sep,7,9,22-09-2024,34:10.1,1552
15,card,27.92,Americano with Milk,Afternoon,Sun,Sep,7,9,22-09-2024,35:24.2,1553
16,card,32.82,Cocoa,Afternoon,Sun,Sep,7,9,22-09-2024,25:03.5,1554
20,card,32.82,Latte,Night,Sun,Sep,7,9,22-09-2024,19:10.1,1555
20,card,32.82,Cappuccino,Night,Sun,Sep,7,9,22-09-2024,20:35.6,1556
20,card,27.92,Americano with Milk,Night,Sun,Sep,7,9,22-09-2024,46:26.2,1557
20,card,27.92,Americano with Milk,Night,Sun,Sep,7,9,22-09-2024,47:35.1,1558
21,card,27.92,Americano with Milk,Night,Sun,Sep,7,9,22-09-2024,07:04.8,1559
21,card,27.92,Americano with Milk,Night,Sun,Sep,7,9,22-09-2024,08:14.8,1560
21,card,32.82,Hot Chocolate,Night,Sun,Sep,7,9,22-09-2024,54:04.1,1561
21,card,32.82,Hot Chocolate,Night,Sun,Sep,7,9,22-09-2024,54:54.5,1562
22,card,23.02,Americano,Night,Sun,Sep,7,9,22-09-2024,37:02.4,1563
22,card,27.92,Americano with Milk,Night,Sun,Sep,7,9,22-09-2024,37:58.4,1564
9,card,27.92,Americano with Milk,Morning,Mon,Sep,1,9,23-09-2024,03:37.0,1565
10,card,23.02,Cortado,Morning,Mon,Sep,1,9,23-09-2024,04:17.3,1566
12,card,23.02,Americano,Afternoon,Mon,Sep,1,9,23-09-2024,11:04.4,1567
14,card,27.92,Americano with Milk,Afternoon,Mon,Sep,1,9,23-09-2024,08:51.9,1568
17,card,32.82,Cappuccino,Night,Mon,Sep,1,9,23-09-2024,27:47.6,1569
18,card,23.02,Americano,Night,Mon,Sep,1,9,23-09-2024,48:30.4,1570
19,card,32.82,Latte,Night,Mon,Sep,1,9,23-09-2024,47:21.9,1571
20,card,32.82,Cappuccino,Night,Mon,Sep,1,9,23-09-2024,09:45.9,1572
22,card,27.92,Americano with Milk,Night,Mon,Sep,1,9,23-09-2024,13:30.5,1573
22,card,27.92,Americano with Milk,Night,Mon,Sep,1,9,23-09-2024,15:15.0,1574
8,card,27.92,Americano with Milk,Morning,Tue,Sep,2,9,24-09-2024,33:32.6,1575
12,card,32.82,Latte,Afternoon,Tue,Sep,2,9,24-09-2024,23:57.0,1576
12,card,32.82,Latte,Afternoon,Tue,Sep,2,9,24-09-2024,24:54.8,1577
12,card,32.82,Latte,Afternoon,Tue,Sep,2,9,24-09-2024,46:44.4,1578
12,card,32.82,Latte,Afternoon,Tue,Sep,2,9,24-09-2024,47:49.4,1579
14,card,32.82,Latte,Afternoon,Tue,Sep,2,9,24-09-2024,11:39.3,1580
14,card,23.02,Cortado,Afternoon,Tue,Sep,2,9,24-09-2024,31:28.7,1581
15,card,32.82,Cappuccino,Afternoon,Tue,Sep,2,9,24-09-2024,37:23.7,1582
16,card,32.82,Latte,Afternoon,Tue,Sep,2,9,24-09-2024,38:48.3,1583
18,card,23.02,Americano,Night,Tue,Sep,2,9,24-09-2024,43:02.9,1584
18,card,23.02,Americano,Night,Tue,Sep,2,9,24-09-2024,43:54.1,1585
20,card,32.82,Hot Chocolate,Night,Tue,Sep,2,9,24-09-2024,15:50.4,1586
21,card,32.82,Latte,Night,Tue,Sep,2,9,24-09-2024,05:14.2,1587
21,card,27.92,Americano with Milk,Night,Tue,Sep,2,9,24-09-2024,06:32.4,1588
21,card,27.92,Americano with Milk,Night,Tue,Sep,2,9,24-09-2024,07:35.0,1589
7,card,32.82,Cappuccino,Morning,Wed,Sep,3,9,25-09-2024,51:21.1,1590
11,card,23.02,Cortado,Morning,Wed,Sep,3,9,25-09-2024,35:32.5,1591
11,card,27.92,Americano with Milk,Morning,Wed,Sep,3,9,25-09-2024,51:15.2,1592
11,card,32.82,Latte,Morning,Wed,Sep,3,9,25-09-2024,52:53.4,1593
13,card,27.92,Americano with Milk,Afternoon,Wed,Sep,3,9,25-09-2024,54:51.5,1594
13,card,27.92,Americano with Milk,Afternoon,Wed,Sep,3,9,25-09-2024,55:59.3,1595
17,card,27.92,Americano with Milk,Night,Wed,Sep,3,9,25-09-2024,36:37.2,1596
17,card,27.92,Americano with Milk,Night,Wed,Sep,3,9,25-09-2024,37:31.8,1597
21,card,23.02,Americano,Night,Wed,Sep,3,9,25-09-2024,34:41.3,1598
22,card,27.92,Americano with Milk,Night,Wed,Sep,3,9,25-09-2024,18:51.8,1599
8,card,32.82,Latte,Morning,Thu,Sep,4,9,26-09-2024,43:35.0,1600
10,card,27.92,Americano with Milk,Morning,Thu,Sep,4,9,26-09-2024,37:06.5,1601
10,card,18.12,Espresso,Morning,Thu,Sep,4,9,26-09-2024,55:52.4,1602
11,card,32.82,Cappuccino,Morning,Thu,Sep,4,9,26-09-2024,34:48.6,1603
12,card,32.82,Latte,Afternoon,Thu,Sep,4,9,26-09-2024,48:01.4,1604
18,card,32.82,Latte,Night,Thu,Sep,4,9,26-09-2024,21:55.7,1605
22,card,32.82,Latte,Night,Thu,Sep,4,9,26-09-2024,45:15.1,1606
22,card,23.02,Cortado,Night,Thu,Sep,4,9,26-09-2024,46:17.6,1607
22,card,27.92,Americano with Milk,Night,Thu,Sep,4,9,26-09-2024,47:24.9,1608
9,card,27.92,Americano with Milk,Morning,Fri,Sep,5,9,27-09-2024,29:45.6,1609
9,card,23.02,Cortado,Morning,Fri,Sep,5,9,27-09-2024,33:44.0,1610
9,card,32.82,Cappuccino,Morning,Fri,Sep,5,9,27-09-2024,41:04.7,1611
10,card,27.92,Americano with Milk,Morning,Fri,Sep,5,9,27-09-2024,46:56.6,1612
11,card,27.92,Americano with Milk,Morning,Fri,Sep,5,9,27-09-2024,35:00.3,1613
13,card,32.82,Cappuccino,Afternoon,Fri,Sep,5,9,27-09-2024,20:31.1,1614
13,card,32.82,Cappuccino,Afternoon,Fri,Sep,5,9,27-09-2024,25:05.3,1615
13,card,23.02,Americano,Afternoon,Fri,Sep,5,9,27-09-2024,28:33.1,1616
13,card,27.92,Americano with Milk,Afternoon,Fri,Sep,5,9,27-09-2024,33:52.5,1617
18,card,32.82,Latte,Night,Fri,Sep,5,9,27-09-2024,07:43.7,1618
18,card,32.82,Latte,Night,Fri,Sep,5,9,27-09-2024,08:58.2,1619
18,card,32.82,Cappuccino,Night,Fri,Sep,5,9,27-09-2024,37:45.9,1620
18,card,32.82,Cappuccino,Night,Fri,Sep,5,9,27-09-2024,40:53.8,1621
20,card,32.82,Cappuccino,Night,Fri,Sep,5,9,27-09-2024,18:13.3,1622
20,card,32.82,Cappuccino,Night,Fri,Sep,5,9,27-09-2024,19:14.3,1623
20,card,27.92,Americano with Milk,Night,Fri,Sep,5,9,27-09-2024,58:15.0,1624
8,card,27.92,Americano with Milk,Morning,Sat,Sep,6,9,28-09-2024,06:45.5,1625
9,card,27.92,Americano with Milk,Morning,Sat,Sep,6,9,28-09-2024,31:14.8,1626
14,card,35.76,Latte,Afternoon,Sat,Sep,6,9,28-09-2024,25:47.3,1627
16,card,35.76,Latte,Afternoon,Sat,Sep,6,9,28-09-2024,57:20.1,1628
17,card,30.86,Americano with Milk,Night,Sat,Sep,6,9,28-09-2024,26:16.7,1629
20,card,35.76,Latte,Night,Sat,Sep,6,9,28-09-2024,34:31.1,1630
20,card,35.76,Latte,Night,Sat,Sep,6,9,28-09-2024,38:36.5,1631
22,card,35.76,Cappuccino,Night,Sat,Sep,6,9,28-09-2024,16:36.8,1632
22,card,35.76,Cocoa,Night,Sat,Sep,6,9,28-09-2024,17:29.6,1633
22,card,25.96,Cortado,Night,Sat,Sep,6,9,28-09-2024,18:16.1,1634
22,card,35.76,Hot Chocolate,Night,Sat,Sep,6,9,28-09-2024,19:13.0,1635
10,card,25.96,Americano,Morning,Sun,Sep,7,9,29-09-2024,48:45.0,1636
10,card,35.76,Cappuccino,Morning,Sun,Sep,7,9,29-09-2024,50:05.3,1637
10,card,35.76,Cappuccino,Morning,Sun,Sep,7,9,29-09-2024,51:03.3,1638
10,card,35.76,Cappuccino,Morning,Sun,Sep,7,9,29-09-2024,52:23.0,1639
10,card,30.86,Americano with Milk,Morning,Sun,Sep,7,9,29-09-2024,53:42.3,1640
12,card,35.76,Latte,Afternoon,Sun,Sep,7,9,29-09-2024,35:43.4,1641
12,card,25.96,Cortado,Afternoon,Sun,Sep,7,9,29-09-2024,50:58.4,1642
12,card,35.76,Latte,Afternoon,Sun,Sep,7,9,29-09-2024,54:15.4,1643
12,card,35.76,Latte,Afternoon,Sun,Sep,7,9,29-09-2024,55:21.6,1644
18,card,35.76,Cappuccino,Night,Sun,Sep,7,9,29-09-2024,02:27.3,1645
22,card,35.76,Latte,Night,Sun,Sep,7,9,29-09-2024,31:02.8,1646
8,card,25.96,Cortado,Morning,Mon,Sep,1,9,30-09-2024,08:47.5,1647
8,card,25.96,Cortado,Morning,Mon,Sep,1,9,30-09-2024,58:54.7,1648
9,card,35.76,Hot Chocolate,Morning,Mon,Sep,1,9,30-09-2024,00:04.9,1649
10,card,30.86,Americano with Milk,Morning,Mon,Sep,1,9,30-09-2024,01:09.2,1650
10,card,25.96,Cortado,Morning,Mon,Sep,1,9,30-09-2024,05:18.4,1651
11,card,30.86,Americano with Milk,Morning,Mon,Sep,1,9,30-09-2024,32:54.6,1652
16,card,30.86,Americano with Milk,Afternoon,Mon,Sep,1,9,30-09-2024,45:44.5,1653
19,card,35.76,Latte,Night,Mon,Sep,1,9,30-09-2024,32:18.2,1654
19,card,30.86,Americano with Milk,Night,Mon,Sep,1,9,30-09-2024,53:14.1,1655
19,card,25.96,Cortado,Night,Mon,Sep,1,9,30-09-2024,54:17.6,1656
19,card,35.76,Latte,Night,Mon,Sep,1,9,30-09-2024,59:19.0,1657
20,card,30.86,Americano with Milk,Night,Mon,Sep,1,9,30-09-2024,00:42.1,1658
20,card,30.86,Americano with Milk,Night,Mon,Sep,1,9,30-09-2024,01:42.2,1659
21,card,30.86,Americano with Milk,Night,Mon,Sep,1,9,30-09-2024,41:07.5,1660
7,card,35.76,Latte,Morning,Tue,Oct,2,10,01-10-2024,47:08.4,1661
9,card,30.86,Americano with Milk,Morning,Tue,Oct,2,10,01-10-2024,48:30.8,1662
10,card,30.86,Americano with Milk,Morning,Tue,Oct,2,10,01-10-2024,02:26.8,1663
10,card,30.86,Americano with Milk,Morning,Tue,Oct,2,10,01-10-2024,03:47.1,1664
11,card,30.86,Americano with Milk,Morning,Tue,Oct,2,10,01-10-2024,55:31.9,1665
12,card,30.86,Americano with Milk,Afternoon,Tue,Oct,2,10,01-10-2024,12:48.4,1666
12,card,30.86,Americano with Milk,Afternoon,Tue,Oct,2,10,01-10-2024,14:23.4,1667
14,card,25.96,Americano,Afternoon,Tue,Oct,2,10,01-10-2024,17:35.0,1668
14,card,30.86,Americano with Milk,Afternoon,Tue,Oct,2,10,01-10-2024,18:52.6,1669
16,card,35.76,Hot Chocolate,Afternoon,Tue,Oct,2,10,01-10-2024,08:39.0,1670
16,card,25.96,Americano,Afternoon,Tue,Oct,2,10,01-10-2024,41:54.5,1671
18,card,35.76,Latte,Night,Tue,Oct,2,10,01-10-2024,08:26.5,1672
18,card,35.76,Latte,Night,Tue,Oct,2,10,01-10-2024,23:11.5,1673
18,card,35.76,Hot Chocolate,Night,Tue,Oct,2,10,01-10-2024,24:14.3,1674
20,card,35.76,Hot Chocolate,Night,Tue,Oct,2,10,01-10-2024,03:22.1,1675
7,card,35.76,Latte,Morning,Wed,Oct,3,10,02-10-2024,57:18.8,1676
8,card,25.96,Cortado,Morning,Wed,Oct,3,10,02-10-2024,42:44.6,1677
9,card,30.86,Americano with Milk,Morning,Wed,Oct,3,10,02-10-2024,19:17.1,1678
10,card,35.76,Latte,Morning,Wed,Oct,3,10,02-10-2024,22:01.5,1679
10,card,30.86,Americano with Milk,Morning,Wed,Oct,3,10,02-10-2024,23:55.3,1680
11,card,35.76,Cappuccino,Morning,Wed,Oct,3,10,02-10-2024,28:53.9,1681
15,card,35.76,Cappuccino,Afternoon,Wed,Oct,3,10,02-10-2024,13:42.1,1682
18,card,35.76,Hot Chocolate,Night,Wed,Oct,3,10,02-10-2024,31:07.2,1683
22,card,35.76,Hot Chocolate,Night,Wed,Oct,3,10,02-10-2024,18:55.4,1684
22,card,35.76,Hot Chocolate,Night,Wed,Oct,3,10,02-10-2024,19:40.7,1685
22,card,35.76,Hot Chocolate,Night,Wed,Oct,3,10,02-10-2024,20:23.7,1686
13,card,35.76,Cocoa,Afternoon,Thu,Oct,4,10,03-10-2024,47:35.9,1687
15,card,30.86,Americano with Milk,Afternoon,Thu,Oct,4,10,03-10-2024,12:05.2,1688
20,card,25.96,Cortado,Night,Thu,Oct,4,10,03-10-2024,12:57.8,1689
20,card,35.76,Hot Chocolate,Night,Thu,Oct,4,10,03-10-2024,14:04.8,1690
21,card,35.76,Hot Chocolate,Night,Thu,Oct,4,10,03-10-2024,21:06.3,1691
21,card,35.76,Hot Chocolate,Night,Thu,Oct,4,10,03-10-2024,21:46.8,1692
21,card,35.76,Cappuccino,Night,Thu,Oct,4,10,03-10-2024,29:03.4,1693
21,card,35.76,Hot Chocolate,Night,Thu,Oct,4,10,03-10-2024,31:00.5,1694
8,card,25.96,Americano,Morning,Fri,Oct,5,10,04-10-2024,44:00.9,1695
8,card,25.96,Americano,Morning,Fri,Oct,5,10,04-10-2024,45:39.0,1696
9,card,30.86,Americano with Milk,Morning,Fri,Oct,5,10,04-10-2024,30:22.0,1697
9,card,25.96,Americano,Morning,Fri,Oct,5,10,04-10-2024,31:27.1,1698
9,card,25.96,Cortado,Morning,Fri,Oct,5,10,04-10-2024,53:58.6,1699
9,card,25.96,Cortado,Morning,Fri,Oct,5,10,04-10-2024,55:04.6,1700
17,card,35.76,Latte,Night,Fri,Oct,5,10,04-10-2024,35:14.8,1701
17,card,35.76,Hot Chocolate,Night,Fri,Oct,5,10,04-10-2024,42:22.2,1702
17,card,35.76,Cocoa,Night,Fri,Oct,5,10,04-10-2024,44:36.4,1703
9,card,25.96,Cortado,Morning,Sat,Oct,6,10,05-10-2024,00:46.9,1704
9,card,25.96,Cortado,Morning,Sat,Oct,6,10,05-10-2024,01:42.7,1705
9,card,35.76,Cocoa,Morning,Sat,Oct,6,10,05-10-2024,35:44.9,1706
13,card,35.76,Cappuccino,Afternoon,Sat,Oct,6,10,05-10-2024,12:13.3,1707
20,card,25.96,Americano,Night,Sat,Oct,6,10,05-10-2024,08:38.1,1708
20,card,25.96,Americano,Night,Sat,Oct,6,10,05-10-2024,09:33.6,1709
8,card,25.96,Cortado,Morning,Sun,Oct,7,10,06-10-2024,22:56.7,1710
10,card,35.76,Cappuccino,Morning,Sun,Oct,7,10,06-10-2024,05:43.6,1711
10,card,25.96,Cortado,Morning,Sun,Oct,7,10,06-10-2024,06:47.1,1712
11,card,35.76,Latte,Morning,Sun,Oct,7,10,06-10-2024,55:28.8,1713
12,card,35.76,Latte,Afternoon,Sun,Oct,7,10,06-10-2024,09:03.9,1714
12,card,35.76,Cappuccino,Afternoon,Sun,Oct,7,10,06-10-2024,10:17.3,1715
12,card,30.86,Americano with Milk,Afternoon,Sun,Oct,7,10,06-10-2024,11:43.4,1716
13,card,25.96,Americano,Afternoon,Sun,Oct,7,10,06-10-2024,46:03.7,1717
13,card,35.76,Cappuccino,Afternoon,Sun,Oct,7,10,06-10-2024,47:02.0,1718
13,card,30.86,Americano with Milk,Afternoon,Sun,Oct,7,10,06-10-2024,50:00.1,1719
13,card,35.76,Latte,Afternoon,Sun,Oct,7,10,06-10-2024,51:04.3,1720
13,card,35.76,Cappuccino,Afternoon,Sun,Oct,7,10,06-10-2024,51:56.3,1721
16,card,35.76,Cappuccino,Afternoon,Sun,Oct,7,10,06-10-2024,31:33.6,1722
16,card,21.06,Espresso,Afternoon,Sun,Oct,7,10,06-10-2024,35:45.6,1723
18,card,30.86,Americano with Milk,Night,Sun,Oct,7,10,06-10-2024,17:45.0,1724
18,card,35.76,Hot Chocolate,Night,Sun,Oct,7,10,06-10-2024,35:16.5,1725
21,card,35.76,Hot Chocolate,Night,Sun,Oct,7,10,06-10-2024,09:12.9,1726
21,card,35.76,Hot Chocolate,Night,Sun,Oct,7,10,06-10-2024,10:00.5,1727
21,card,35.76,Hot Chocolate,Night,Sun,Oct,7,10,06-10-2024,10:45.3,1728
21,card,35.76,Latte,Night,Sun,Oct,7,10,06-10-2024,16:48.9,1729
8,card,35.76,Latte,Morning,Mon,Oct,1,10,07-10-2024,33:36.4,1730
8,card,35.76,Latte,Morning,Mon,Oct,1,10,07-10-2024,49:36.5,1731
8,card,30.86,Americano with Milk,Morning,Mon,Oct,1,10,07-10-2024,50:41.7,1732
9,card,35.76,Cocoa,Morning,Mon,Oct,1,10,07-10-2024,05:28.1,1733
9,card,35.76,Latte,Morning,Mon,Oct,1,10,07-10-2024,09:58.3,1734
12,card,30.86,Americano with Milk,Afternoon,Mon,Oct,1,10,07-10-2024,17:56.7,1735
14,card,25.96,Americano,Afternoon,Mon,Oct,1,10,07-10-2024,31:45.3,1736
14,card,25.96,Americano,Afternoon,Mon,Oct,1,10,07-10-2024,32:38.8,1737
17,card,35.76,Latte,Night,Mon,Oct,1,10,07-10-2024,48:55.0,1738
21,card,35.76,Hot Chocolate,Night,Mon,Oct,1,10,07-10-2024,14:42.1,1739
21,card,35.76,Hot Chocolate,Night,Mon,Oct,1,10,07-10-2024,15:20.1,1740
21,card,35.76,Latte,Night,Mon,Oct,1,10,07-10-2024,40:48.5,1741
8,card,35.76,Latte,Morning,Tue,Oct,2,10,08-10-2024,11:50.9,1742
9,card,30.86,Americano with Milk,Morning,Tue,Oct,2,10,08-10-2024,05:14.0,1743
10,card,25.96,Americano,Morning,Tue,Oct,2,10,08-10-2024,22:31.4,1744
10,card,35.76,Latte,Morning,Tue,Oct,2,10,08-10-2024,27:08.8,1745
11,card,35.76,Latte,Morning,Tue,Oct,2,10,08-10-2024,30:10.3,1746
12,card,25.96,Americano,Afternoon,Tue,Oct,2,10,08-10-2024,48:04.5,1747
12,card,25.96,Americano,Afternoon,Tue,Oct,2,10,08-10-2024,49:04.6,1748
13,card,35.76,Latte,Afternoon,Tue,Oct,2,10,08-10-2024,04:00.9,1749
13,card,35.76,Latte,Afternoon,Tue,Oct,2,10,08-10-2024,04:59.4,1750
14,card,35.76,Latte,Afternoon,Tue,Oct,2,10,08-10-2024,42:52.4,1751
15,card,35.76,Latte,Afternoon,Tue,Oct,2,10,08-10-2024,13:41.2,1752
15,card,25.96,Americano,Afternoon,Tue,Oct,2,10,08-10-2024,19:52.1,1753
15,card,30.86,Americano with Milk,Afternoon,Tue,Oct,2,10,08-10-2024,50:43.1,1754
20,card,35.76,Hot Chocolate,Night,Tue,Oct,2,10,08-10-2024,40:40.5,1755
20,card,35.76,Cappuccino,Night,Tue,Oct,2,10,08-10-2024,41:33.5,1756
20,card,35.76,Latte,Night,Tue,Oct,2,10,08-10-2024,51:08.7,1757
21,card,30.86,Americano with Milk,Night,Tue,Oct,2,10,08-10-2024,24:32.0,1758
21,card,30.86,Americano with Milk,Night,Tue,Oct,2,10,08-10-2024,21:25:32,1759
7,card,35.76,Latte,Morning,Wed,Oct,3,10,09-10-2024,54:42.6,1760
8,card,30.86,Americano with Milk,Morning,Wed,Oct,3,10,09-10-2024,25:57.5,1761
9,card,30.86,Americano with Milk,Morning,Wed,Oct,3,10,09-10-2024,43:21.0,1762
9,card,35.76,Latte,Morning,Wed,Oct,3,10,09-10-2024,59:40.0,1763
10,card,21.06,Espresso,Morning,Wed,Oct,3,10,09-10-2024,37:56.9,1764
11,card,25.96,Americano,Morning,Wed,Oct,3,10,09-10-2024,18:02.1,1765
13,card,35.76,Latte,Afternoon,Wed,Oct,3,10,09-10-2024,03:08.5,1766
13,card,30.86,Americano with Milk,Afternoon,Wed,Oct,3,10,09-10-2024,52:34.7,1767
17,card,35.76,Cappuccino,Night,Wed,Oct,3,10,09-10-2024,26:44.4,1768
17,card,25.96,Americano,Night,Wed,Oct,3,10,09-10-2024,27:48.9,1769
17,card,21.06,Espresso,Night,Wed,Oct,3,10,09-10-2024,49:59.6,1770
20,card,35.76,Cappuccino,Night,Wed,Oct,3,10,09-10-2024,49:12.5,1771
8,card,25.96,Americano,Morning,Thu,Oct,4,10,10-10-2024,48:06.9,1772
9,card,30.86,Americano with Milk,Morning,Thu,Oct,4,10,10-10-2024,23:20.1,1773
9,card,35.76,Hot Chocolate,Morning,Thu,Oct,4,10,10-10-2024,51:44.2,1774
10,card,35.76,Latte,Morning,Thu,Oct,4,10,10-10-2024,05:09.5,1775
10,card,25.96,Cortado,Morning,Thu,Oct,4,10,10-10-2024,42:43.0,1776
10,card,25.96,Cortado,Morning,Thu,Oct,4,10,10-10-2024,43:30.0,1777
10,card,35.76,Latte,Morning,Thu,Oct,4,10,10-10-2024,55:32.6,1778
11,card,35.76,Latte,Morning,Thu,Oct,4,10,10-10-2024,04:19.3,1779
15,card,35.76,Cappuccino,Afternoon,Thu,Oct,4,10,10-10-2024,05:42.9,1780
17,card,35.76,Latte,Night,Thu,Oct,4,10,10-10-2024,40:44.4,1781
18,card,25.96,Americano,Night,Thu,Oct,4,10,10-10-2024,18:32.7,1782
18,card,30.86,Americano with Milk,Night,Thu,Oct,4,10,10-10-2024,56:30.7,1783
18,card,35.76,Latte,Night,Thu,Oct,4,10,10-10-2024,57:35.2,1784
22,card,35.76,Hot Chocolate,Night,Thu,Oct,4,10,10-10-2024,33:17.0,1785
22,card,35.76,Hot Chocolate,Night,Thu,Oct,4,10,10-10-2024,33:59.7,1786
7,card,30.86,Americano with Milk,Morning,Fri,Oct,5,10,11-10-2024,54:51.6,1787
8,card,35.76,Latte,Morning,Fri,Oct,5,10,11-10-2024,00:50.9,1788
8,card,25.96,Cortado,Morning,Fri,Oct,5,10,11-10-2024,12:20.3,1789
8,card,35.76,Latte,Morning,Fri,Oct,5,10,11-10-2024,28:18.9,1790
8,card,35.76,Cocoa,Morning,Fri,Oct,5,10,11-10-2024,29:22.4,1791
8,card,35.76,Cocoa,Morning,Fri,Oct,5,10,11-10-2024,55:43.8,1792
8,card,30.86,Americano with Milk,Morning,Fri,Oct,5,10,11-10-2024,56:58.8,1793
8,card,35.76,Hot Chocolate,Morning,Fri,Oct,5,10,11-10-2024,58:09.1,1794
9,card,30.86,Americano with Milk,Morning,Fri,Oct,5,10,11-10-2024,31:42.3,1795
9,card,25.96,Cortado,Morning,Fri,Oct,5,10,11-10-2024,38:46.9,1796
10,card,25.96,Americano,Morning,Fri,Oct,5,10,11-10-2024,00:40.4,1797
10,card,25.96,Americano,Morning,Fri,Oct,5,10,11-10-2024,01:54.9,1798
10,card,30.86,Americano with Milk,Morning,Fri,Oct,5,10,11-10-2024,30:36.0,1799
13,card,35.76,Latte,Afternoon,Fri,Oct,5,10,11-10-2024,05:01.4,1800
13,card,25.96,Americano,Afternoon,Fri,Oct,5,10,11-10-2024,29:02.5,1801
13,card,25.96,Americano,Afternoon,Fri,Oct,5,10,11-10-2024,30:09.0,1802
14,card,35.76,Cocoa,Afternoon,Fri,Oct,5,10,11-10-2024,33:40.5,1803
14,card,25.96,Americano,Afternoon,Fri,Oct,5,10,11-10-2024,35:29.3,1804
14,card,35.76,Cappuccino,Afternoon,Fri,Oct,5,10,11-10-2024,50:08.8,1805
17,card,35.76,Latte,Night,Fri,Oct,5,10,11-10-2024,12:07.3,1806
17,card,35.76,Hot Chocolate,Night,Fri,Oct,5,10,11-10-2024,13:21.6,1807
17,card,35.76,Hot Chocolate,Night,Fri,Oct,5,10,11-10-2024,26:11.2,1808
21,card,35.76,Latte,Night,Fri,Oct,5,10,11-10-2024,48:37.7,1809
21,card,30.86,Americano with Milk,Night,Fri,Oct,5,10,11-10-2024,53:53.6,1810
22,card,35.76,Hot Chocolate,Night,Fri,Oct,5,10,11-10-2024,36:27.6,1811
22,card,35.76,Hot Chocolate,Night,Fri,Oct,5,10,11-10-2024,37:26.7,1812
8,card,25.96,Cortado,Morning,Sat,Oct,6,10,12-10-2024,28:15.5,1813
10,card,25.96,Cortado,Morning,Sat,Oct,6,10,12-10-2024,31:38.9,1814
10,card,25.96,Cortado,Morning,Sat,Oct,6,10,12-10-2024,32:55.5,1815
11,card,35.76,Latte,Morning,Sat,Oct,6,10,12-10-2024,52:15.5,1816
11,card,30.86,Americano with Milk,Morning,Sat,Oct,6,10,12-10-2024,53:41.1,1817
13,card,35.76,Cappuccino,Afternoon,Sat,Oct,6,10,12-10-2024,18:47.1,1818
20,card,35.76,Latte,Night,Sat,Oct,6,10,12-10-2024,10:53.9,1819
9,card,25.96,Cortado,Morning,Sun,Oct,7,10,13-10-2024,54:55.2,1820
12,card,30.86,Americano with Milk,Afternoon,Sun,Oct,7,10,13-10-2024,20:46.6,1821
13,card,25.96,Cortado,Afternoon,Sun,Oct,7,10,13-10-2024,32:29.5,1822
13,card,21.06,Espresso,Afternoon,Sun,Oct,7,10,13-10-2024,33:29.4,1823
13,card,25.96,Cortado,Afternoon,Sun,Oct,7,10,13-10-2024,34:25.9,1824
17,card,35.76,Latte,Night,Sun,Oct,7,10,13-10-2024,53:20.7,1825
17,card,35.76,Latte,Night,Sun,Oct,7,10,13-10-2024,54:22.4,1826
18,card,35.76,Cappuccino,Night,Sun,Oct,7,10,13-10-2024,22:58.8,1827
20,card,35.76,Cappuccino,Night,Sun,Oct,7,10,13-10-2024,43:04.9,1828
8,card,30.86,Americano with Milk,Morning,Mon,Oct,1,10,14-10-2024,26:54.6,1829
9,card,35.76,Cocoa,Morning,Mon,Oct,1,10,14-10-2024,49:54.6,1830
10,card,25.96,Cortado,Morning,Mon,Oct,1,10,14-10-2024,27:51.1,1831
10,card,35.76,Latte,Morning,Mon,Oct,1,10,14-10-2024,38:06.8,1832
10,card,35.76,Latte,Morning,Mon,Oct,1,10,14-10-2024,39:13.7,1833
11,card,35.76,Cappuccino,Morning,Mon,Oct,1,10,14-10-2024,23:50.6,1834
11,card,25.96,Americano,Morning,Mon,Oct,1,10,14-10-2024,25:37.3,1835
11,card,25.96,Americano,Morning,Mon,Oct,1,10,14-10-2024,26:45.2,1836
14,card,35.76,Latte,Afternoon,Mon,Oct,1,10,14-10-2024,36:07.1,1837
14,card,35.76,Latte,Afternoon,Mon,Oct,1,10,14-10-2024,49:51.5,1838
16,card,25.96,Americano,Afternoon,Mon,Oct,1,10,14-10-2024,37:47.5,1839
18,card,35.76,Latte,Night,Mon,Oct,1,10,14-10-2024,19:19.2,1840
18,card,35.76,Cappuccino,Night,Mon,Oct,1,10,14-10-2024,20:20.6,1841
22,card,35.76,Latte,Night,Mon,Oct,1,10,14-10-2024,08:53.7,1842
22,card,35.76,Latte,Night,Mon,Oct,1,10,14-10-2024,10:23.7,1843
22,card,35.76,Latte,Night,Mon,Oct,1,10,14-10-2024,21:53.9,1844
8,card,25.96,Cortado,Morning,Tue,Oct,2,10,15-10-2024,14:28.7,1845
8,card,21.06,Espresso,Morning,Tue,Oct,2,10,15-10-2024,34:17.9,1846
11,card,35.76,Hot Chocolate,Morning,Tue,Oct,2,10,15-10-2024,13:22.0,1847
11,card,35.76,Latte,Morning,Tue,Oct,2,10,15-10-2024,15:20.6,1848
11,card,35.76,Hot Chocolate,Morning,Tue,Oct,2,10,15-10-2024,16:27.5,1849
13,card,35.76,Latte,Afternoon,Tue,Oct,2,10,15-10-2024,00:43.2,1850
13,card,30.86,Americano with Milk,Afternoon,Tue,Oct,2,10,15-10-2024,15:44.8,1851
15,card,35.76,Latte,Afternoon,Tue,Oct,2,10,15-10-2024,32:11.3,1852
15,card,25.96,Americano,Afternoon,Tue,Oct,2,10,15-10-2024,54:16.5,1853
15,card,21.06,Espresso,Afternoon,Tue,Oct,2,10,15-10-2024,55:19.0,1854
17,card,35.76,Hot Chocolate,Night,Tue,Oct,2,10,15-10-2024,04:11.3,1855
19,card,25.96,Americano,Night,Tue,Oct,2,10,15-10-2024,22:21.4,1856
19,card,35.76,Cocoa,Night,Tue,Oct,2,10,15-10-2024,23:17.4,1857
20,card,35.76,Latte,Night,Tue,Oct,2,10,15-10-2024,11:14.9,1858
20,card,35.76,Latte,Night,Tue,Oct,2,10,15-10-2024,12:28.6,1859
21,card,35.76,Hot Chocolate,Night,Tue,Oct,2,10,15-10-2024,18:08.4,1860
21,card,35.76,Hot Chocolate,Night,Tue,Oct,2,10,15-10-2024,35:19.9,1861
22,card,35.76,Latte,Night,Tue,Oct,2,10,15-10-2024,15:19.7,1862
8,card,30.86,Americano with Milk,Morning,Wed,Oct,3,10,16-10-2024,21:26.0,1863
8,card,35.76,Hot Chocolate,Morning,Wed,Oct,3,10,16-10-2024,36:23.6,1864
9,card,35.76,Latte,Morning,Wed,Oct,3,10,16-10-2024,25:51.2,1865
10,card,30.86,Americano with Milk,Morning,Wed,Oct,3,10,16-10-2024,15:47.9,1866
10,card,30.86,Americano with Milk,Morning,Wed,Oct,3,10,16-10-2024,16:53.7,1867
10,card,30.86,Americano with Milk,Morning,Wed,Oct,3,10,16-10-2024,45:25.0,1868
11,card,25.96,Americano,Morning,Wed,Oct,3,10,16-10-2024,49:44.6,1869
12,card,30.86,Americano with Milk,Afternoon,Wed,Oct,3,10,16-10-2024,29:44.3,1870
13,card,25.96,Americano,Afternoon,Wed,Oct,3,10,16-10-2024,20:10.5,1871
16,card,35.76,Latte,Afternoon,Wed,Oct,3,10,16-10-2024,45:29.5,1872
17,card,30.86,Americano with Milk,Night,Wed,Oct,3,10,16-10-2024,43:20.7,1873
19,card,30.86,Americano with Milk,Night,Wed,Oct,3,10,16-10-2024,37:42.4,1874
19,card,30.86,Americano with Milk,Night,Wed,Oct,3,10,16-10-2024,38:36.6,1875
21,card,35.76,Hot Chocolate,Night,Wed,Oct,3,10,16-10-2024,20:28.5,1876
7,card,35.76,Latte,Morning,Thu,Oct,4,10,17-10-2024,47:00.9,1877
7,card,35.76,Latte,Morning,Thu,Oct,4,10,17-10-2024,58:06.8,1878
9,card,30.86,Americano with Milk,Morning,Thu,Oct,4,10,17-10-2024,24:27.2,1879
10,card,35.76,Latte,Morning,Thu,Oct,4,10,17-10-2024,26:37.8,1880
10,card,35.76,Hot Chocolate,Morning,Thu,Oct,4,10,17-10-2024,44:54.2,1881
11,card,30.86,Americano with Milk,Morning,Thu,Oct,4,10,17-10-2024,59:26.9,1882
13,card,35.76,Latte,Afternoon,Thu,Oct,4,10,17-10-2024,57:24.9,1883
14,card,25.96,Americano,Afternoon,Thu,Oct,4,10,17-10-2024,34:42.6,1884
16,card,35.76,Hot Chocolate,Afternoon,Thu,Oct,4,10,17-10-2024,37:12.6,1885
16,card,35.76,Hot Chocolate,Afternoon,Thu,Oct,4,10,17-10-2024,38:18.0,1886
16,card,35.76,Latte,Afternoon,Thu,Oct,4,10,17-10-2024,39:09.6,1887
16,card,35.76,Hot Chocolate,Afternoon,Thu,Oct,4,10,17-10-2024,48:35.9,1888
16,card,35.76,Hot Chocolate,Afternoon,Thu,Oct,4,10,17-10-2024,49:33.2,1889
17,card,35.76,Cappuccino,Night,Thu,Oct,4,10,17-10-2024,08:27.8,1890
17,card,35.76,Hot Chocolate,Night,Thu,Oct,4,10,17-10-2024,09:30.3,1891
19,card,35.76,Latte,Night,Thu,Oct,4,10,17-10-2024,43:12.2,1892
20,card,30.86,Americano with Milk,Night,Thu,Oct,4,10,17-10-2024,11:36.4,1893
21,card,35.76,Latte,Night,Thu,Oct,4,10,17-10-2024,46:12.9,1894
21,card,35.76,Latte,Night,Thu,Oct,4,10,17-10-2024,47:20.5,1895
21,card,35.76,Latte,Night,Thu,Oct,4,10,17-10-2024,48:31.7,1896
21,card,35.76,Hot Chocolate,Night,Thu,Oct,4,10,17-10-2024,49:54.6,1897
8,card,35.76,Cocoa,Morning,Fri,Oct,5,10,18-10-2024,41:59.5,1898
8,card,35.76,Cocoa,Morning,Fri,Oct,5,10,18-10-2024,42:59.2,1899
9,card,35.76,Cocoa,Morning,Fri,Oct,5,10,18-10-2024,32:41.5,1900
9,card,35.76,Cocoa,Morning,Fri,Oct,5,10,18-10-2024,34:08.0,1901
9,card,35.76,Cappuccino,Morning,Fri,Oct,5,10,18-10-2024,55:20.2,1902
11,card,35.76,Cappuccino,Morning,Fri,Oct,5,10,18-10-2024,54:58.8,1903
14,card,35.76,Latte,Afternoon,Fri,Oct,5,10,18-10-2024,51:04.1,1904
14,card,35.76,Cappuccino,Afternoon,Fri,Oct,5,10,18-10-2024,52:15.3,1905
15,card,25.96,Americano,Afternoon,Fri,Oct,5,10,18-10-2024,39:20.0,1906
16,card,35.76,Latte,Afternoon,Fri,Oct,5,10,18-10-2024,09:57.9,1907
17,card,35.76,Hot Chocolate,Night,Fri,Oct,5,10,18-10-2024,45:39.0,1908
21,card,35.76,Cocoa,Night,Fri,Oct,5,10,18-10-2024,14:40.2,1909
21,card,35.76,Cocoa,Night,Fri,Oct,5,10,18-10-2024,15:22.5,1910
21,card,30.86,Americano with Milk,Night,Fri,Oct,5,10,18-10-2024,52:23.4,1911
22,card,35.76,Latte,Night,Fri,Oct,5,10,18-10-2024,03:27.0,1912
8,card,30.86,Americano with Milk,Morning,Sat,Oct,6,10,19-10-2024,34:13.7,1913
13,card,35.76,Latte,Afternoon,Sat,Oct,6,10,19-10-2024,22:06.1,1914
14,card,35.76,Cappuccino,Afternoon,Sat,Oct,6,10,19-10-2024,10:32.6,1915
15,card,35.76,Hot Chocolate,Afternoon,Sat,Oct,6,10,19-10-2024,56:55.2,1916
15,card,35.76,Latte,Afternoon,Sat,Oct,6,10,19-10-2024,59:24.1,1917
16,card,35.76,Latte,Afternoon,Sat,Oct,6,10,19-10-2024,02:45.8,1918
16,card,35.76,Latte,Afternoon,Sat,Oct,6,10,19-10-2024,17:42.5,1919
21,card,35.76,Cocoa,Night,Sat,Oct,6,10,19-10-2024,46:45.5,1920
22,card,35.76,Cappuccino,Night,Sat,Oct,6,10,19-10-2024,46:37.7,1921
8,card,35.76,Latte,Morning,Sun,Oct,7,10,20-10-2024,40:44.0,1922
8,card,35.76,Cocoa,Morning,Sun,Oct,7,10,20-10-2024,41:50.5,1923
11,card,35.76,Latte,Morning,Sun,Oct,7,10,20-10-2024,16:51.8,1924
14,card,35.76,Hot Chocolate,Afternoon,Sun,Oct,7,10,20-10-2024,28:46.0,1925
14,card,25.96,Cortado,Afternoon,Sun,Oct,7,10,20-10-2024,29:43.5,1926
15,card,30.86,Americano with Milk,Afternoon,Sun,Oct,7,10,20-10-2024,52:45.1,1927
16,card,35.76,Latte,Afternoon,Sun,Oct,7,10,20-10-2024,45:09.8,1928
16,card,35.76,Latte,Afternoon,Sun,Oct,7,10,20-10-2024,46:04.8,1929
17,card,35.76,Latte,Night,Sun,Oct,7,10,20-10-2024,27:05.8,1930
18,card,35.76,Cocoa,Night,Sun,Oct,7,10,20-10-2024,34:16.4,1931
18,card,35.76,Cocoa,Night,Sun,Oct,7,10,20-10-2024,35:08.2,1932
21,card,35.76,Hot Chocolate,Night,Sun,Oct,7,10,20-10-2024,14:18.0,1933
21,card,25.96,Cortado,Night,Sun,Oct,7,10,20-10-2024,15:17.8,1934
21,card,35.76,Cocoa,Night,Sun,Oct,7,10,20-10-2024,17:26.9,1935
21,card,35.76,Latte,Night,Sun,Oct,7,10,20-10-2024,25:00.1,1936
22,card,35.76,Cappuccino,Night,Sun,Oct,7,10,20-10-2024,17:29.0,1937
7,card,35.76,Latte,Morning,Mon,Oct,1,10,21-10-2024,48:43.1,1938
8,card,35.76,Latte,Morning,Mon,Oct,1,10,21-10-2024,19:56.4,1939
9,card,30.86,Americano with Milk,Morning,Mon,Oct,1,10,21-10-2024,04:54.4,1940
9,card,35.76,Latte,Morning,Mon,Oct,1,10,21-10-2024,34:25.5,1941
10,card,25.96,Americano,Morning,Mon,Oct,1,10,21-10-2024,25:09.3,1942
10,card,25.96,Cortado,Morning,Mon,Oct,1,10,21-10-2024,41:44.7,1943
10,card,25.96,Cortado,Morning,Mon,Oct,1,10,21-10-2024,42:35.6,1944
11,card,21.06,Espresso,Morning,Mon,Oct,1,10,21-10-2024,27:41.7,1945
12,card,35.76,Cappuccino,Afternoon,Mon,Oct,1,10,21-10-2024,40:24.3,1946
14,card,35.76,Latte,Afternoon,Mon,Oct,1,10,21-10-2024,42:56.0,1947
14,card,35.76,Latte,Afternoon,Mon,Oct,1,10,21-10-2024,43:58.0,1948
15,card,30.86,Americano with Milk,Afternoon,Mon,Oct,1,10,21-10-2024,27:02.4,1949
15,card,25.96,Cortado,Afternoon,Mon,Oct,1,10,21-10-2024,39:04.7,1950
16,card,35.76,Cocoa,Afternoon,Mon,Oct,1,10,21-10-2024,42:57.5,1951
16,card,35.76,Latte,Afternoon,Mon,Oct,1,10,21-10-2024,55:22.5,1952
19,card,35.76,Hot Chocolate,Night,Mon,Oct,1,10,21-10-2024,21:13.4,1953
21,card,35.76,Latte,Night,Mon,Oct,1,10,21-10-2024,05:36.1,1954
22,card,35.76,Cocoa,Night,Mon,Oct,1,10,21-10-2024,30:44.5,1955
22,card,35.76,Hot Chocolate,Night,Mon,Oct,1,10,21-10-2024,31:34.0,1956
7,card,35.76,Latte,Morning,Tue,Oct,2,10,22-10-2024,32:59.5,1957
7,card,35.76,Cappuccino,Morning,Tue,Oct,2,10,22-10-2024,34:00.0,1958
8,card,30.86,Americano with Milk,Morning,Tue,Oct,2,10,22-10-2024,25:32.2,1959
9,card,25.96,Cortado,Morning,Tue,Oct,2,10,22-10-2024,17:50.4,1960
10,card,21.06,Espresso,Morning,Tue,Oct,2,10,22-10-2024,51:32.3,1961
10,card,25.96,Cortado,Morning,Tue,Oct,2,10,22-10-2024,52:17.1,1962
18,card,25.96,Americano,Night,Tue,Oct,2,10,22-10-2024,07:02.6,1963
19,card,35.76,Hot Chocolate,Night,Tue,Oct,2,10,22-10-2024,46:39.2,1964
19,card,35.76,Latte,Night,Tue,Oct,2,10,22-10-2024,47:50.5,1965
7,card,35.76,Latte,Morning,Wed,Oct,3,10,23-10-2024,58:06.8,1966
8,card,30.86,Americano with Milk,Morning,Wed,Oct,3,10,23-10-2024,45:14.8,1967
10,card,25.96,Cortado,Morning,Wed,Oct,3,10,23-10-2024,24:57.8,1968
12,card,30.86,Americano with Milk,Afternoon,Wed,Oct,3,10,23-10-2024,31:05.4,1969
16,card,30.86,Americano with Milk,Afternoon,Wed,Oct,3,10,23-10-2024,20:02.3,1970
16,card,30.86,Americano with Milk,Afternoon,Wed,Oct,3,10,23-10-2024,21:09.0,1971
16,card,35.76,Cappuccino,Afternoon,Wed,Oct,3,10,23-10-2024,42:30.2,1972
17,card,21.06,Espresso,Night,Wed,Oct,3,10,23-10-2024,02:46.3,1973
18,card,35.76,Cocoa,Night,Wed,Oct,3,10,23-10-2024,58:58.5,1974
19,card,35.76,Cappuccino,Night,Wed,Oct,3,10,23-10-2024,00:43.0,1975
21,card,30.86,Americano with Milk,Night,Wed,Oct,3,10,23-10-2024,57:20.7,1976
21,card,35.76,Hot Chocolate,Night,Wed,Oct,3,10,23-10-2024,58:23.7,1977
22,card,35.76,Latte,Night,Wed,Oct,3,10,23-10-2024,23:38.3,1978
12,card,25.96,Americano,Afternoon,Thu,Oct,4,10,24-10-2024,07:46.6,1979
13,card,35.76,Cappuccino,Afternoon,Thu,Oct,4,10,24-10-2024,23:59.6,1980
14,card,35.76,Cappuccino,Afternoon,Thu,Oct,4,10,24-10-2024,09:46.7,1981
14,card,35.76,Hot Chocolate,Afternoon,Thu,Oct,4,10,24-10-2024,49:01.9,1982
14,card,35.76,Latte,Afternoon,Thu,Oct,4,10,24-10-2024,49:49.3,1983
15,card,35.76,Latte,Afternoon,Thu,Oct,4,10,24-10-2024,47:32.8,1984
15,card,35.76,Latte,Afternoon,Thu,Oct,4,10,24-10-2024,48:29.9,1985
18,card,25.96,Americano,Night,Thu,Oct,4,10,24-10-2024,53:47.3,1986
18,card,25.96,Americano,Night,Thu,Oct,4,10,24-10-2024,55:07.6,1987
19,card,35.76,Latte,Night,Thu,Oct,4,10,24-10-2024,50:18.7,1988
20,card,25.96,Americano,Night,Thu,Oct,4,10,24-10-2024,44:11.5,1989
21,card,35.76,Hot Chocolate,Night,Thu,Oct,4,10,24-10-2024,14:44.9,1990
21,card,35.76,Hot Chocolate,Night,Thu,Oct,4,10,24-10-2024,15:29.1,1991
21,card,35.76,Hot Chocolate,Night,Thu,Oct,4,10,24-10-2024,56:20.1,1992
21,card,35.76,Cappuccino,Night,Thu,Oct,4,10,24-10-2024,57:10.0,1993
7,card,35.76,Cappuccino,Morning,Fri,Oct,5,10,25-10-2024,38:11.1,1994
7,card,21.06,Espresso,Morning,Fri,Oct,5,10,25-10-2024,45:22.9,1995
8,card,35.76,Cocoa,Morning,Fri,Oct,5,10,25-10-2024,10:04.8,1996
8,card,35.76,Latte,Morning,Fri,Oct,5,10,25-10-2024,10:54.6,1997
8,card,35.76,Cocoa,Morning,Fri,Oct,5,10,25-10-2024,18:49.8,1998
10,card,25.96,Americano,Morning,Fri,Oct,5,10,25-10-2024,03:28.3,1999
10,card,25.96,Americano,Morning,Fri,Oct,5,10,25-10-2024,05:21.0,2000
10,card,30.86,Americano with Milk,Morning,Fri,Oct,5,10,25-10-2024,51:01.3,2001
11,card,35.76,Cocoa,Morning,Fri,Oct,5,10,25-10-2024,49:42.9,2002
11,card,35.76,Cocoa,Morning,Fri,Oct,5,10,25-10-2024,50:30.4,2003
12,card,25.96,Cortado,Afternoon,Fri,Oct,5,10,25-10-2024,06:50.2,2004
12,card,35.76,Latte,Afternoon,Fri,Oct,5,10,25-10-2024,40:37.5,2005
14,card,35.76,Cappuccino,Afternoon,Fri,Oct,5,10,25-10-2024,23:16.6,2006
22,card,35.76,Hot Chocolate,Night,Fri,Oct,5,10,25-10-2024,19:24.0,2007
22,card,21.06,Espresso,Night,Fri,Oct,5,10,25-10-2024,22:31.7,2008
7,card,35.76,Cappuccino,Morning,Sat,Oct,6,10,26-10-2024,49:59.2,2009
8,card,25.96,Cortado,Morning,Sat,Oct,6,10,26-10-2024,41:44.5,2010
8,card,35.76,Cappuccino,Morning,Sat,Oct,6,10,26-10-2024,52:59.6,2011
10,card,25.96,Americano,Morning,Sat,Oct,6,10,26-10-2024,24:38.3,2012
12,card,35.76,Cocoa,Afternoon,Sat,Oct,6,10,26-10-2024,18:09.3,2013
13,card,35.76,Latte,Afternoon,Sat,Oct,6,10,26-10-2024,03:31.0,2014
14,card,35.76,Latte,Afternoon,Sat,Oct,6,10,26-10-2024,34:58.7,2015
14,card,30.86,Americano with Milk,Afternoon,Sat,Oct,6,10,26-10-2024,36:14.9,2016
15,card,25.96,Cortado,Afternoon,Sat,Oct,6,10,26-10-2024,05:22.1,2017
15,card,25.96,Cortado,Afternoon,Sat,Oct,6,10,26-10-2024,06:19.1,2018
15,card,35.76,Latte,Afternoon,Sat,Oct,6,10,26-10-2024,38:28.7,2019
15,card,35.76,Latte,Afternoon,Sat,Oct,6,10,26-10-2024,39:29.6,2020
15,card,30.86,Americano with Milk,Afternoon,Sat,Oct,6,10,26-10-2024,52:01.7,2021
15,card,30.86,Americano with Milk,Afternoon,Sat,Oct,6,10,26-10-2024,53:21.5,2022
19,card,35.76,Cappuccino,Night,Sat,Oct,6,10,26-10-2024,19:21.3,2023
20,card,30.86,Americano with Milk,Night,Sat,Oct,6,10,26-10-2024,34:46.7,2024
11,card,30.86,Americano with Milk,Morning,Sun,Oct,7,10,27-10-2024,01:56.9,2025
12,card,35.76,Latte,Afternoon,Sun,Oct,7,10,27-10-2024,53:26.0,2026
12,card,30.86,Americano with Milk,Afternoon,Sun,Oct,7,10,27-10-2024,54:27.5,2027
13,card,35.76,Cappuccino,Afternoon,Sun,Oct,7,10,27-10-2024,43:46.6,2028
16,card,35.76,Latte,Afternoon,Sun,Oct,7,10,27-10-2024,17:06.2,2029
7,card,35.76,Cappuccino,Morning,Mon,Oct,1,10,28-10-2024,46:28.2,2030
8,card,25.96,Americano,Morning,Mon,Oct,1,10,28-10-2024,01:12.3,2031
8,card,35.76,Latte,Morning,Mon,Oct,1,10,28-10-2024,35:02.9,2032
9,card,30.86,Americano with Milk,Morning,Mon,Oct,1,10,28-10-2024,15:42.8,2033
11,card,35.76,Latte,Morning,Mon,Oct,1,10,28-10-2024,42:36.5,2034
11,card,35.76,Latte,Morning,Mon,Oct,1,10,28-10-2024,43:43.3,2035
12,card,35.76,Hot Chocolate,Afternoon,Mon,Oct,1,10,28-10-2024,01:36.1,2036
12,card,30.86,Americano with Milk,Afternoon,Mon,Oct,1,10,28-10-2024,02:34.8,2037
12,card,35.76,Cappuccino,Afternoon,Mon,Oct,1,10,28-10-2024,21:30.4,2038
14,card,30.86,Americano with Milk,Afternoon,Mon,Oct,1,10,28-10-2024,10:54.6,2039
14,card,30.86,Americano with Milk,Afternoon,Mon,Oct,1,10,28-10-2024,11:56.3,2040
14,card,30.86,Americano with Milk,Afternoon,Mon,Oct,1,10,28-10-2024,30:59.6,2041
16,card,35.76,Latte,Afternoon,Mon,Oct,1,10,28-10-2024,01:20.5,2042
17,card,35.76,Cocoa,Night,Mon,Oct,1,10,28-10-2024,55:18.1,2043
17,card,35.76,Cocoa,Night,Mon,Oct,1,10,28-10-2024,56:02.4,2044
19,card,35.76,Cappuccino,Night,Mon,Oct,1,10,28-10-2024,10:25.3,2045
21,card,30.86,Americano with Milk,Night,Mon,Oct,1,10,28-10-2024,20:03.6,2046
22,card,30.86,Americano with Milk,Night,Mon,Oct,1,10,28-10-2024,05:50.8,2047
8,card,35.76,Latte,Morning,Tue,Oct,2,10,29-10-2024,40:52.4,2048
8,card,35.76,Latte,Morning,Tue,Oct,2,10,29-10-2024,47:05.6,2049
9,card,35.76,Latte,Morning,Tue,Oct,2,10,29-10-2024,31:57.7,2050
11,card,30.86,Americano with Milk,Morning,Tue,Oct,2,10,29-10-2024,59:46.7,2051
12,card,21.06,Espresso,Afternoon,Tue,Oct,2,10,29-10-2024,21:36.8,2052
14,card,25.96,Cortado,Afternoon,Tue,Oct,2,10,29-10-2024,15:43.8,2053
14,card,25.96,Cortado,Afternoon,Tue,Oct,2,10,29-10-2024,17:00.7,2054
14,card,35.76,Cappuccino,Afternoon,Tue,Oct,2,10,29-10-2024,37:36.0,2055
16,card,35.76,Hot Chocolate,Afternoon,Tue,Oct,2,10,29-10-2024,09:33.7,2056
16,card,35.76,Cocoa,Afternoon,Tue,Oct,2,10,29-10-2024,10:56.8,2057
16,card,35.76,Cocoa,Afternoon,Tue,Oct,2,10,29-10-2024,17:33.4,2058
18,card,30.86,Americano with Milk,Night,Tue,Oct,2,10,29-10-2024,02:04.4,2059
18,card,30.86,Americano with Milk,Night,Tue,Oct,2,10,29-10-2024,02:57.4,2060
19,card,30.86,Americano with Milk,Night,Tue,Oct,2,10,29-10-2024,02:05.4,2061
19,card,35.76,Cappuccino,Night,Tue,Oct,2,10,29-10-2024,05:44.4,2062
19,card,35.76,Hot Chocolate,Night,Tue,Oct,2,10,29-10-2024,51:12.9,2063
19,card,35.76,Latte,Night,Tue,Oct,2,10,29-10-2024,54:02.4,2064
20,card,35.76,Latte,Night,Tue,Oct,2,10,29-10-2024,07:35.7,2065
7,card,35.76,Latte,Morning,Wed,Oct,3,10,30-10-2024,52:05.5,2066
8,card,30.86,Americano with Milk,Morning,Wed,Oct,3,10,30-10-2024,46:26.8,2067
8,card,30.86,Americano with Milk,Morning,Wed,Oct,3,10,30-10-2024,47:29.3,2068
9,card,35.76,Latte,Morning,Wed,Oct,3,10,30-10-2024,11:29.4,2069
10,card,35.76,Latte,Morning,Wed,Oct,3,10,30-10-2024,31:53.2,2070
10,card,35.76,Latte,Morning,Wed,Oct,3,10,30-10-2024,33:07.7,2071
12,card,35.76,Latte,Afternoon,Wed,Oct,3,10,30-10-2024,08:45.9,2072
12,card,25.96,Americano,Afternoon,Wed,Oct,3,10,30-10-2024,09:46.8,2073
12,card,30.86,Americano with Milk,Afternoon,Wed,Oct,3,10,30-10-2024,10:58.4,2074
12,card,25.96,Americano,Afternoon,Wed,Oct,3,10,30-10-2024,37:00.8,2075
15,card,35.76,Latte,Afternoon,Wed,Oct,3,10,30-10-2024,05:15.2,2076
15,card,35.76,Latte,Afternoon,Wed,Oct,3,10,30-10-2024,07:03.0,2077
16,card,30.86,Americano with Milk,Afternoon,Wed,Oct,3,10,30-10-2024,04:48.4,2078
18,card,35.76,Hot Chocolate,Night,Wed,Oct,3,10,30-10-2024,08:12.5,2079
19,card,30.86,Americano with Milk,Night,Wed,Oct,3,10,30-10-2024,18:31.5,2080
19,card,30.86,Americano with Milk,Night,Wed,Oct,3,10,30-10-2024,43:21.2,2081
7,card,35.76,Latte,Morning,Thu,Oct,4,10,31-10-2024,54:17.3,2082
8,card,35.76,Latte,Morning,Thu,Oct,4,10,31-10-2024,38:53.9,2083
9,card,30.86,Americano with Milk,Morning,Thu,Oct,4,10,31-10-2024,18:19.1,2084
15,card,35.76,Latte,Afternoon,Thu,Oct,4,10,31-10-2024,59:26.7,2085
16,card,30.86,Americano with Milk,Afternoon,Thu,Oct,4,10,31-10-2024,00:31.0,2086
8,card,35.76,Cocoa,Morning,Fri,Nov,5,11,01-11-2024,24:03.4,2087
8,card,25.96,Americano,Morning,Fri,Nov,5,11,01-11-2024,30:57.6,2088
10,card,35.76,Latte,Morning,Fri,Nov,5,11,01-11-2024,54:50.4,2089
12,card,35.76,Cocoa,Afternoon,Fri,Nov,5,11,01-11-2024,41:26.5,2090
12,card,35.76,Cocoa,Afternoon,Fri,Nov,5,11,01-11-2024,42:18.4,2091
15,card,25.96,Cortado,Afternoon,Fri,Nov,5,11,01-11-2024,55:42.4,2092
22,card,30.86,Americano with Milk,Night,Fri,Nov,5,11,01-11-2024,41:55.9,2093
8,card,25.96,Cortado,Morning,Sat,Nov,6,11,02-11-2024,19:44.3,2094
10,card,35.76,Cocoa,Morning,Sat,Nov,6,11,02-11-2024,25:46.0,2095
10,card,30.86,Americano with Milk,Morning,Sat,Nov,6,11,02-11-2024,33:09.6,2096
14,card,30.86,Americano with Milk,Afternoon,Sat,Nov,6,11,02-11-2024,54:14.6,2097
16,card,35.76,Hot Chocolate,Afternoon,Sat,Nov,6,11,02-11-2024,24:15.9,2098
16,card,35.76,Latte,Afternoon,Sat,Nov,6,11,02-11-2024,25:57.0,2099
16,card,35.76,Latte,Afternoon,Sat,Nov,6,11,02-11-2024,37:05.0,2100
18,card,30.86,Americano with Milk,Night,Sat,Nov,6,11,02-11-2024,18:27.2,2101
18,card,25.96,Americano,Night,Sat,Nov,6,11,02-11-2024,58:23.5,2102
8,card,25.96,Cortado,Morning,Sun,Nov,7,11,03-11-2024,23:00.4,2103
9,card,30.86,Americano with Milk,Morning,Sun,Nov,7,11,03-11-2024,47:06.0,2104
9,card,30.86,Americano with Milk,Morning,Sun,Nov,7,11,03-11-2024,48:12.0,2105
13,card,35.76,Latte,Afternoon,Sun,Nov,7,11,03-11-2024,13:51.4,2106
13,card,30.86,Americano with Milk,Afternoon,Sun,Nov,7,11,03-11-2024,14:56.7,2107
13,card,35.76,Cocoa,Afternoon,Sun,Nov,7,11,03-11-2024,18:24.7,2108
13,card,25.96,Americano,Afternoon,Sun,Nov,7,11,03-11-2024,44:18.5,2109
13,card,30.86,Americano with Milk,Afternoon,Sun,Nov,7,11,03-11-2024,59:01.1,2110
16,card,35.76,Hot Chocolate,Afternoon,Sun,Nov,7,11,03-11-2024,15:17.7,2111
16,card,35.76,Hot Chocolate,Afternoon,Sun,Nov,7,11,03-11-2024,16:43.5,2112
16,card,25.96,Americano,Afternoon,Sun,Nov,7,11,03-11-2024,20:37.1,2113
16,card,25.96,Americano,Afternoon,Sun,Nov,7,11,03-11-2024,21:46.1,2114
20,card,35.76,Cocoa,Night,Sun,Nov,7,11,03-11-2024,26:14.6,2115
7,card,35.76,Latte,Morning,Mon,Nov,1,11,04-11-2024,43:36.9,2116
8,card,35.76,Latte,Morning,Mon,Nov,1,11,04-11-2024,37:33.3,2117
8,card,30.86,Americano with Milk,Morning,Mon,Nov,1,11,04-11-2024,38:58.9,2118
12,card,25.96,Americano,Afternoon,Mon,Nov,1,11,04-11-2024,33:35.8,2119
12,card,30.86,Americano with Milk,Afternoon,Mon,Nov,1,11,04-11-2024,35:06.1,2120
14,card,35.76,Cocoa,Afternoon,Mon,Nov,1,11,04-11-2024,44:38.1,2121
14,card,35.76,Cocoa,Afternoon,Mon,Nov,1,11,04-11-2024,45:20.0,2122
7,card,35.76,Cocoa,Morning,Tue,Nov,2,11,05-11-2024,49:31.6,2123
9,card,30.86,Americano with Milk,Morning,Tue,Nov,2,11,05-11-2024,05:41.8,2124
9,card,35.76,Cappuccino,Morning,Tue,Nov,2,11,05-11-2024,12:12.3,2125
9,card,30.86,Americano with Milk,Morning,Tue,Nov,2,11,05-11-2024,13:40.4,2126
10,card,30.86,Americano with Milk,Morning,Tue,Nov,2,11,05-11-2024,41:44.3,2127
11,card,35.76,Cocoa,Morning,Tue,Nov,2,11,05-11-2024,47:29.9,2128
11,card,35.76,Latte,Morning,Tue,Nov,2,11,05-11-2024,48:22.5,2129
14,card,35.76,Latte,Afternoon,Tue,Nov,2,11,05-11-2024,36:37.9,2130
14,card,35.76,Latte,Afternoon,Tue,Nov,2,11,05-11-2024,41:48.0,2131
18,card,35.76,Cappuccino,Night,Tue,Nov,2,11,05-11-2024,52:56.3,2132
18,card,35.76,Cappuccino,Night,Tue,Nov,2,11,05-11-2024,54:10.7,2133
18,card,35.76,Cappuccino,Night,Tue,Nov,2,11,05-11-2024,55:18.6,2134
21,card,35.76,Cocoa,Night,Tue,Nov,2,11,05-11-2024,40:44.7,2135
21,card,35.76,Cocoa,Night,Tue,Nov,2,11,05-11-2024,42:02.8,2136
21,card,35.76,Hot Chocolate,Night,Tue,Nov,2,11,05-11-2024,54:19.6,2137
22,card,35.76,Hot Chocolate,Night,Tue,Nov,2,11,05-11-2024,05:50.6,2138
22,card,30.86,Americano with Milk,Night,Tue,Nov,2,11,05-11-2024,06:39.0,2139
8,card,35.76,Latte,Morning,Wed,Nov,3,11,06-11-2024,11:25.1,2140
11,card,21.06,Espresso,Morning,Wed,Nov,3,11,06-11-2024,45:31.2,2141
13,card,25.96,Americano,Afternoon,Wed,Nov,3,11,06-11-2024,15:32.9,2142
15,card,35.76,Cappuccino,Afternoon,Wed,Nov,3,11,06-11-2024,44:16.5,2143
16,card,35.76,Latte,Afternoon,Wed,Nov,3,11,06-11-2024,00:43.8,2144
16,card,35.76,Cappuccino,Afternoon,Wed,Nov,3,11,06-11-2024,02:05.1,2145
18,card,35.76,Hot Chocolate,Night,Wed,Nov,3,11,06-11-2024,40:42.9,2146
18,card,35.76,Hot Chocolate,Night,Wed,Nov,3,11,06-11-2024,41:30.7,2147
12,card,35.76,Latte,Afternoon,Thu,Nov,4,11,07-11-2024,17:16.0,2148
15,card,25.96,Americano,Afternoon,Thu,Nov,4,11,07-11-2024,50:10.6,2149
16,card,25.96,Americano,Afternoon,Thu,Nov,4,11,07-11-2024,39:39.4,2150
18,card,35.76,Cocoa,Night,Thu,Nov,4,11,07-11-2024,17:33.7,2151
19,card,35.76,Hot Chocolate,Night,Thu,Nov,4,11,07-11-2024,20:14.8,2152
19,card,35.76,Latte,Night,Thu,Nov,4,11,07-11-2024,21:38.0,2153
20,card,35.76,Latte,Night,Thu,Nov,4,11,07-11-2024,02:30.7,2154
9,card,30.86,Americano with Milk,Morning,Fri,Nov,5,11,08-11-2024,05:42.1,2155
9,card,25.96,Americano,Morning,Fri,Nov,5,11,08-11-2024,47:30.9,2156
9,card,25.96,Americano,Morning,Fri,Nov,5,11,08-11-2024,48:59.7,2157
11,card,35.76,Cappuccino,Morning,Fri,Nov,5,11,08-11-2024,47:11.4,2158
13,card,35.76,Latte,Afternoon,Fri,Nov,5,11,08-11-2024,25:13.4,2159
13,card,35.76,Latte,Afternoon,Fri,Nov,5,11,08-11-2024,26:17.6,2160
16,card,30.86,Americano with Milk,Afternoon,Fri,Nov,5,11,08-11-2024,33:02.9,2161
16,card,30.86,Americano with Milk,Afternoon,Fri,Nov,5,11,08-11-2024,55:28.0,2162
20,card,35.76,Hot Chocolate,Night,Fri,Nov,5,11,08-11-2024,13:32.2,2163
20,card,35.76,Hot Chocolate,Night,Fri,Nov,5,11,08-11-2024,14:24.3,2164
20,card,35.76,Hot Chocolate,Night,Fri,Nov,5,11,08-11-2024,20:15:20,2165
22,card,35.76,Latte,Night,Fri,Nov,5,11,08-11-2024,27:09.7,2166
10,card,30.86,Americano with Milk,Morning,Sat,Nov,6,11,09-11-2024,08:18.8,2167
11,card,25.96,Cortado,Morning,Sat,Nov,6,11,09-11-2024,02:08.0,2168
11,card,25.96,Cortado,Morning,Sat,Nov,6,11,09-11-2024,03:00.6,2169
11,card,35.76,Latte,Morning,Sat,Nov,6,11,09-11-2024,08:44.2,2170
13,card,35.76,Hot Chocolate,Afternoon,Sat,Nov,6,11,09-11-2024,50:14.7,2171
13,card,35.76,Hot Chocolate,Afternoon,Sat,Nov,6,11,09-11-2024,50:55.2,2172
14,card,35.76,Hot Chocolate,Afternoon,Sat,Nov,6,11,09-11-2024,21:51.6,2173
14,card,35.76,Hot Chocolate,Afternoon,Sat,Nov,6,11,09-11-2024,22:50.4,2174
14,card,25.96,Americano,Afternoon,Sat,Nov,6,11,09-11-2024,37:33.2,2175
15,card,30.86,Americano with Milk,Afternoon,Sat,Nov,6,11,09-11-2024,29:50.9,2176
16,card,35.76,Latte,Afternoon,Sat,Nov,6,11,09-11-2024,15:47.8,2177
16,card,35.76,Cocoa,Afternoon,Sat,Nov,6,11,09-11-2024,16:52.4,2178
20,card,25.96,Americano,Night,Sat,Nov,6,11,09-11-2024,42:04.5,2179
20,card,35.76,Latte,Night,Sat,Nov,6,11,09-11-2024,43:27.5,2180
22,card,35.76,Cocoa,Night,Sat,Nov,6,11,09-11-2024,13:27.7,2181
22,card,25.96,Americano,Night,Sat,Nov,6,11,09-11-2024,52:58.1,2182
22,card,25.96,Americano,Night,Sat,Nov,6,11,09-11-2024,54:19.1,2183
9,card,25.96,Americano,Morning,Sun,Nov,7,11,10-11-2024,46:21.8,2184
17,card,35.76,Cocoa,Night,Sun,Nov,7,11,10-11-2024,52:47.9,2185
18,card,35.76,Hot Chocolate,Night,Sun,Nov,7,11,10-11-2024,12:53.4,2186
18,card,35.76,Hot Chocolate,Night,Sun,Nov,7,11,10-11-2024,14:03.6,2187
20,card,35.76,Cappuccino,Night,Sun,Nov,7,11,10-11-2024,38:08.1,2188
20,card,35.76,Cappuccino,Night,Sun,Nov,7,11,10-11-2024,39:06.8,2189
7,card,35.76,Cappuccino,Morning,Mon,Nov,1,11,11-11-2024,48:26.8,2190
9,card,30.86,Americano with Milk,Morning,Mon,Nov,1,11,11-11-2024,52:25.8,2191
10,card,25.96,Cortado,Morning,Mon,Nov,1,11,11-11-2024,19:09.5,2192
16,card,35.76,Cappuccino,Afternoon,Mon,Nov,1,11,11-11-2024,16:18:44,2193
16,card,35.76,Hot Chocolate,Afternoon,Mon,Nov,1,11,11-11-2024,19:52.7,2194
17,card,35.76,Cappuccino,Night,Mon,Nov,1,11,11-11-2024,33:32.1,2195
19,card,35.76,Latte,Night,Mon,Nov,1,11,11-11-2024,00:46.9,2196
19,card,35.76,Hot Chocolate,Night,Mon,Nov,1,11,11-11-2024,04:15.5,2197
21,card,35.76,Latte,Night,Mon,Nov,1,11,11-11-2024,08:31.7,2198
21,card,35.76,Latte,Night,Mon,Nov,1,11,11-11-2024,09:47.0,2199
10,card,35.76,Latte,Morning,Tue,Nov,2,11,12-11-2024,03:08.6,2200
13,card,35.76,Latte,Afternoon,Tue,Nov,2,11,12-11-2024,15:45.4,2201
14,card,35.76,Latte,Afternoon,Tue,Nov,2,11,12-11-2024,39:14.9,2202
16,card,35.76,Hot Chocolate,Afternoon,Tue,Nov,2,11,12-11-2024,47:14.4,2203
16,card,35.76,Hot Chocolate,Afternoon,Tue,Nov,2,11,12-11-2024,48:04.9,2204
16,card,35.76,Cocoa,Afternoon,Tue,Nov,2,11,12-11-2024,49:03.9,2205
18,card,35.76,Cappuccino,Night,Tue,Nov,2,11,12-11-2024,45:14.3,2206
20,card,35.76,Latte,Night,Tue,Nov,2,11,12-11-2024,07:57.8,2207
20,card,35.76,Cocoa,Night,Tue,Nov,2,11,12-11-2024,09:21.8,2208
8,card,30.86,Americano with Milk,Morning,Wed,Nov,3,11,13-11-2024,09:10.9,2209
10,card,35.76,Latte,Morning,Wed,Nov,3,11,13-11-2024,37:43.3,2210
13,card,30.86,Americano with Milk,Afternoon,Wed,Nov,3,11,13-11-2024,19:54.6,2211
13,card,30.86,Americano with Milk,Afternoon,Wed,Nov,3,11,13-11-2024,20:58.5,2212
14,card,30.86,Americano with Milk,Afternoon,Wed,Nov,3,11,13-11-2024,17:30.2,2213
14,card,35.76,Latte,Afternoon,Wed,Nov,3,11,13-11-2024,46:58.4,2214
9,card,35.76,Latte,Morning,Thu,Nov,4,11,14-11-2024,36:27.8,2215
10,card,25.96,Americano,Morning,Thu,Nov,4,11,14-11-2024,06:42.7,2216
12,card,21.06,Espresso,Afternoon,Thu,Nov,4,11,14-11-2024,48:50.5,2217
15,card,35.76,Cappuccino,Afternoon,Thu,Nov,4,11,14-11-2024,03:45.4,2218
15,card,35.76,Latte,Afternoon,Thu,Nov,4,11,14-11-2024,04:56.7,2219
15,card,35.76,Cappuccino,Afternoon,Thu,Nov,4,11,14-11-2024,05:49.8,2220
16,card,30.86,Americano with Milk,Afternoon,Thu,Nov,4,11,14-11-2024,13:08.3,2221
16,card,35.76,Cappuccino,Afternoon,Thu,Nov,4,11,14-11-2024,14:21.6,2222
19,card,35.76,Hot Chocolate,Night,Thu,Nov,4,11,14-11-2024,43:26.5,2223
19,card,35.76,Hot Chocolate,Night,Thu,Nov,4,11,14-11-2024,46:37.1,2224
20,card,35.76,Cocoa,Night,Thu,Nov,4,11,14-11-2024,31:30.0,2225
20,card,35.76,Hot Chocolate,Night,Thu,Nov,4,11,14-11-2024,32:30.6,2226
21,card,35.76,Latte,Night,Thu,Nov,4,11,14-11-2024,24:31.6,2227
22,card,35.76,Latte,Night,Thu,Nov,4,11,14-11-2024,40:42.3,2228
8,card,30.86,Americano with Milk,Morning,Fri,Nov,5,11,15-11-2024,45:51.1,2229
11,card,30.86,Americano with Milk,Morning,Fri,Nov,5,11,15-11-2024,05:53.0,2230
12,card,35.76,Cocoa,Afternoon,Fri,Nov,5,11,15-11-2024,09:00.5,2231
12,card,35.76,Cocoa,Afternoon,Fri,Nov,5,11,15-11-2024,14:18.6,2232
13,card,35.76,Latte,Afternoon,Fri,Nov,5,11,15-11-2024,57:33.9,2233
15,card,25.96,Americano,Afternoon,Fri,Nov,5,11,15-11-2024,19:50.6,2234
17,card,30.86,Americano with Milk,Night,Fri,Nov,5,11,15-11-2024,35:41.1,2235
17,card,35.76,Latte,Night,Fri,Nov,5,11,15-11-2024,55:01.5,2236
18,card,35.76,Hot Chocolate,Night,Fri,Nov,5,11,15-11-2024,12:44.9,2237
18,card,30.86,Americano with Milk,Night,Fri,Nov,5,11,15-11-2024,42:21.9,2238
18,card,30.86,Americano with Milk,Night,Fri,Nov,5,11,15-11-2024,43:21.2,2239
10,card,25.96,Cortado,Morning,Sat,Nov,6,11,16-11-2024,21:34.9,2240
10,card,25.96,Cortado,Morning,Sat,Nov,6,11,16-11-2024,45:51.4,2241
11,card,35.76,Hot Chocolate,Morning,Sat,Nov,6,11,16-11-2024,02:00.7,2242
11,card,35.76,Latte,Morning,Sat,Nov,6,11,16-11-2024,03:06.6,2243
11,card,25.96,Americano,Morning,Sat,Nov,6,11,16-11-2024,39:25.0,2244
12,card,35.76,Cappuccino,Afternoon,Sat,Nov,6,11,16-11-2024,30:15.0,2245
12,card,30.86,Americano with Milk,Afternoon,Sat,Nov,6,11,16-11-2024,31:50.6,2246
12,card,35.76,Latte,Afternoon,Sat,Nov,6,11,16-11-2024,48:35.8,2247
12,card,35.76,Latte,Afternoon,Sat,Nov,6,11,16-11-2024,49:35.1,2248
13,card,30.86,Americano with Milk,Afternoon,Sat,Nov,6,11,16-11-2024,16:55.5,2249
13,card,35.76,Latte,Afternoon,Sat,Nov,6,11,16-11-2024,18:00.5,2250
13,card,35.76,Latte,Afternoon,Sat,Nov,6,11,16-11-2024,19:09.0,2251
14,card,30.86,Americano with Milk,Afternoon,Sat,Nov,6,11,16-11-2024,25:47.4,2252
10,card,30.86,Americano with Milk,Morning,Sun,Nov,7,11,17-11-2024,29:37.0,2253
13,card,30.86,Americano with Milk,Afternoon,Sun,Nov,7,11,17-11-2024,35:19.7,2254
14,card,25.96,Americano,Afternoon,Sun,Nov,7,11,17-11-2024,18:41.8,2255
14,card,30.86,Americano with Milk,Afternoon,Sun,Nov,7,11,17-11-2024,33:40.2,2256
16,card,35.76,Latte,Afternoon,Sun,Nov,7,11,17-11-2024,27:26.2,2257
16,card,35.76,Latte,Afternoon,Sun,Nov,7,11,17-11-2024,28:35.8,2258
18,card,35.76,Hot Chocolate,Night,Sun,Nov,7,11,17-11-2024,10:06.6,2259
19,card,35.76,Hot Chocolate,Night,Sun,Nov,7,11,17-11-2024,17:34.3,2260
19,card,35.76,Hot Chocolate,Night,Sun,Nov,7,11,17-11-2024,18:27.5,2261
7,card,30.86,Americano with Milk,Morning,Mon,Nov,1,11,18-11-2024,52:19.6,2262
7,card,30.86,Americano with Milk,Morning,Mon,Nov,1,11,18-11-2024,53:16.4,2263
7,card,35.76,Latte,Morning,Mon,Nov,1,11,18-11-2024,57:22.2,2264
16,card,35.76,Latte,Afternoon,Mon,Nov,1,11,18-11-2024,44:49.1,2265
16,card,35.76,Latte,Afternoon,Mon,Nov,1,11,18-11-2024,46:52.9,2266
18,card,35.76,Latte,Night,Mon,Nov,1,11,18-11-2024,50:54.1,2267
7,card,35.76,Cocoa,Morning,Tue,Nov,2,11,19-11-2024,49:00.6,2268
7,card,30.86,Americano with Milk,Morning,Tue,Nov,2,11,19-11-2024,51:13.7,2269
7,card,35.76,Latte,Morning,Tue,Nov,2,11,19-11-2024,52:13.4,2270
7,card,21.06,Espresso,Morning,Tue,Nov,2,11,19-11-2024,53:38.4,2271
7,card,35.76,Latte,Morning,Tue,Nov,2,11,19-11-2024,54:46.9,2272
10,card,30.86,Americano with Milk,Morning,Tue,Nov,2,11,19-11-2024,29:23.4,2273
11,card,35.76,Latte,Morning,Tue,Nov,2,11,19-11-2024,07:09.0,2274
16,card,35.76,Cocoa,Afternoon,Tue,Nov,2,11,19-11-2024,22:40.5,2275
16,card,35.76,Cocoa,Afternoon,Tue,Nov,2,11,19-11-2024,23:59.4,2276
16,card,35.76,Cappuccino,Afternoon,Tue,Nov,2,11,19-11-2024,41:03.7,2277
16,card,35.76,Cappuccino,Afternoon,Tue,Nov,2,11,19-11-2024,47:41.2,2278
13,card,30.86,Americano with Milk,Afternoon,Wed,Nov,3,11,20-11-2024,29:38.7,2279
16,card,35.76,Latte,Afternoon,Wed,Nov,3,11,20-11-2024,34:50.1,2280
17,card,35.76,Cappuccino,Night,Wed,Nov,3,11,20-11-2024,49:51.7,2281
17,card,35.76,Hot Chocolate,Night,Wed,Nov,3,11,20-11-2024,50:49.8,2282
11,card,25.96,Cortado,Morning,Thu,Nov,4,11,21-11-2024,06:11.0,2283
12,card,35.76,Latte,Afternoon,Thu,Nov,4,11,21-11-2024,33:36.1,2284
12,card,35.76,Cocoa,Afternoon,Thu,Nov,4,11,21-11-2024,59:45.3,2285
13,card,35.76,Cocoa,Afternoon,Thu,Nov,4,11,21-11-2024,00:47.4,2286
16,card,35.76,Latte,Afternoon,Thu,Nov,4,11,21-11-2024,14:13.6,2287
17,card,30.86,Americano with Milk,Night,Thu,Nov,4,11,21-11-2024,35:27.4,2288
17,card,25.96,Cortado,Night,Thu,Nov,4,11,21-11-2024,39:23.0,2289
19,card,35.76,Hot Chocolate,Night,Thu,Nov,4,11,21-11-2024,01:02.9,2290
7,card,35.76,Latte,Morning,Fri,Nov,5,11,22-11-2024,50:36.3,2291
10,card,35.76,Cappuccino,Morning,Fri,Nov,5,11,22-11-2024,03:42.5,2292
11,card,35.76,Latte,Morning,Fri,Nov,5,11,22-11-2024,02:32.4,2293
11,card,35.76,Cocoa,Morning,Fri,Nov,5,11,22-11-2024,24:26.4,2294
16,card,35.76,Hot Chocolate,Afternoon,Fri,Nov,5,11,22-11-2024,33:05.3,2295
16,card,35.76,Latte,Afternoon,Fri,Nov,5,11,22-11-2024,33:49.9,2296
9,card,25.96,Cortado,Morning,Sat,Nov,6,11,23-11-2024,10:46.3,2297
9,card,25.96,Cortado,Morning,Sat,Nov,6,11,23-11-2024,11:49.0,2298
10,card,35.76,Latte,Morning,Sat,Nov,6,11,23-11-2024,05:15.8,2299
11,card,35.76,Cappuccino,Morning,Sat,Nov,6,11,23-11-2024,02:59.6,2300
11,card,25.96,Americano,Morning,Sat,Nov,6,11,23-11-2024,09:28.0,2301
11,card,25.96,Americano,Morning,Sat,Nov,6,11,23-11-2024,10:25.8,2302
11,card,35.76,Hot Chocolate,Morning,Sat,Nov,6,11,23-11-2024,41:27.5,2303
22,card,35.76,Latte,Night,Sat,Nov,6,11,23-11-2024,37:04.2,2304
8,card,35.76,Latte,Morning,Sun,Nov,7,11,24-11-2024,17:07.5,2305
7,card,35.76,Cappuccino,Morning,Mon,Nov,1,11,25-11-2024,49:18.0,2306
7,card,35.76,Latte,Morning,Mon,Nov,1,11,25-11-2024,54:23.5,2307
9,card,30.86,Americano with Milk,Morning,Mon,Nov,1,11,25-11-2024,12:21.0,2308
10,card,25.96,Cortado,Morning,Mon,Nov,1,11,25-11-2024,38:08.0,2309
12,card,35.76,Latte,Afternoon,Mon,Nov,1,11,25-11-2024,50:58.2,2310
12,card,35.76,Latte,Afternoon,Mon,Nov,1,11,25-11-2024,52:41.1,2311
16,card,35.76,Hot Chocolate,Afternoon,Mon,Nov,1,11,25-11-2024,30:56.5,2312
19,card,30.86,Americano with Milk,Night,Mon,Nov,1,11,25-11-2024,01:59.1,2313
19,card,35.76,Hot Chocolate,Night,Mon,Nov,1,11,25-11-2024,37:58.5,2314
21,card,35.76,Hot Chocolate,Night,Mon,Nov,1,11,25-11-2024,42:15.2,2315
21,card,35.76,Cappuccino,Night,Mon,Nov,1,11,25-11-2024,43:00.5,2316
7,card,35.76,Latte,Morning,Tue,Nov,2,11,26-11-2024,54:37.9,2317
11,card,35.76,Cocoa,Morning,Tue,Nov,2,11,26-11-2024,02:56.3,2318
11,card,25.96,Americano,Morning,Tue,Nov,2,11,26-11-2024,03:47.3,2319
11,card,35.76,Cocoa,Morning,Tue,Nov,2,11,26-11-2024,06:09.1,2320
11,card,35.76,Cocoa,Morning,Tue,Nov,2,11,26-11-2024,07:10.0,2321
16,card,35.76,Latte,Afternoon,Tue,Nov,2,11,26-11-2024,03:54.3,2322
16,card,35.76,Latte,Afternoon,Tue,Nov,2,11,26-11-2024,05:00.6,2323
17,card,25.96,Americano,Night,Tue,Nov,2,11,26-11-2024,11:37.7,2324
17,card,30.86,Americano with Milk,Night,Tue,Nov,2,11,26-11-2024,12:34.4,2325
19,card,35.76,Cocoa,Night,Tue,Nov,2,11,26-11-2024,47:24.7,2326
8,card,35.76,Cappuccino,Morning,Thu,Nov,4,11,28-11-2024,41:16.9,2327
9,card,30.86,Americano with Milk,Morning,Thu,Nov,4,11,28-11-2024,14:00.9,2328
20,card,30.86,Americano with Milk,Night,Thu,Nov,4,11,28-11-2024,24:42.0,2329
20,card,35.76,Latte,Night,Thu,Nov,4,11,28-11-2024,25:45.5,2330
20,card,35.76,Latte,Night,Thu,Nov,4,11,28-11-2024,54:59.7,2331
22,card,35.76,Cappuccino,Night,Thu,Nov,4,11,28-11-2024,00:15.7,2332
7,card,35.76,Cocoa,Morning,Fri,Nov,5,11,29-11-2024,53:15.8,2333
7,card,35.76,Latte,Morning,Fri,Nov,5,11,29-11-2024,57:42.2,2334
9,card,30.86,Americano with Milk,Morning,Fri,Nov,5,11,29-11-2024,07:31.5,2335
9,card,30.86,Americano with Milk,Morning,Fri,Nov,5,11,29-11-2024,08:30.2,2336
15,card,30.86,Americano with Milk,Afternoon,Fri,Nov,5,11,29-11-2024,18:06.9,2337
15,card,35.76,Latte,Afternoon,Fri,Nov,5,11,29-11-2024,19:20.3,2338
20,card,35.76,Cocoa,Night,Fri,Nov,5,11,29-11-2024,57:54.7,2339
12,card,35.76,Cocoa,Afternoon,Sat,Nov,6,11,30-11-2024,58:12.1,2340
14,card,25.96,Americano,Afternoon,Sat,Nov,6,11,30-11-2024,04:55.8,2341
14,card,35.76,Hot Chocolate,Afternoon,Sat,Nov,6,11,30-11-2024,05:58.1,2342
14,card,35.76,Cocoa,Afternoon,Sat,Nov,6,11,30-11-2024,16:52.0,2343
15,card,30.86,Americano with Milk,Afternoon,Sat,Nov,6,11,30-11-2024,33:44.3,2344
22,card,30.86,Americano with Milk,Night,Sat,Nov,6,11,30-11-2024,03:48.5,2345
10,card,30.86,Americano with Milk,Morning,Sun,Dec,7,12,01-12-2024,15:31.7,2346
10,card,30.86,Americano with Milk,Morning,Sun,Dec,7,12,01-12-2024,16:31.9,2347
10,card,30.86,Americano with Milk,Morning,Sun,Dec,7,12,01-12-2024,22:46.6,2348
14,card,30.86,Americano with Milk,Afternoon,Sun,Dec,7,12,01-12-2024,34:22.9,2349
15,card,35.76,Cocoa,Afternoon,Sun,Dec,7,12,01-12-2024,09:12.7,2350
15,card,35.76,Cocoa,Afternoon,Sun,Dec,7,12,01-12-2024,09:57.0,2351
15,card,35.76,Cappuccino,Afternoon,Sun,Dec,7,12,01-12-2024,43:02.3,2352
15,card,35.76,Latte,Afternoon,Sun,Dec,7,12,01-12-2024,56:31.2,2353
15,card,35.76,Latte,Afternoon,Sun,Dec,7,12,01-12-2024,57:49.4,2354
16,card,35.76,Latte,Afternoon,Sun,Dec,7,12,01-12-2024,32:59.5,2355
16,card,35.76,Latte,Afternoon,Sun,Dec,7,12,01-12-2024,34:30.0,2356
17,card,30.86,Americano with Milk,Night,Sun,Dec,7,12,01-12-2024,10:23.6,2357
17,card,30.86,Americano with Milk,Night,Sun,Dec,7,12,01-12-2024,11:32.0,2358
18,card,30.86,Americano with Milk,Night,Sun,Dec,7,12,01-12-2024,38:28.7,2359
7,card,35.76,Latte,Morning,Mon,Dec,1,12,02-12-2024,50:36.6,2360
7,card,25.96,Americano,Morning,Mon,Dec,1,12,02-12-2024,51:59.4,2361
8,card,30.86,Americano with Milk,Morning,Mon,Dec,1,12,02-12-2024,21:29.6,2362
8,card,35.76,Cocoa,Morning,Mon,Dec,1,12,02-12-2024,53:14.5,2363
11,card,25.96,Cortado,Morning,Mon,Dec,1,12,02-12-2024,04:25.2,2364
15,card,21.06,Espresso,Afternoon,Mon,Dec,1,12,02-12-2024,28:23.9,2365
16,card,35.76,Cappuccino,Afternoon,Mon,Dec,1,12,02-12-2024,12:23.9,2366
17,card,25.96,Americano,Night,Mon,Dec,1,12,02-12-2024,34:21.7,2367
18,card,35.76,Cappuccino,Night,Mon,Dec,1,12,02-12-2024,00:32.3,2368
8,card,35.76,Latte,Morning,Tue,Dec,2,12,03-12-2024,11:19.1,2369
9,card,30.86,Americano with Milk,Morning,Tue,Dec,2,12,03-12-2024,23:30.6,2370
9,card,30.86,Americano with Milk,Morning,Tue,Dec,2,12,03-12-2024,24:27.1,2371
11,card,25.96,Americano,Morning,Tue,Dec,2,12,03-12-2024,17:58.4,2372
11,card,30.86,Americano with Milk,Morning,Tue,Dec,2,12,03-12-2024,42:07.6,2373
11,card,30.86,Americano with Milk,Morning,Tue,Dec,2,12,03-12-2024,43:15.6,2374
11,card,30.86,Americano with Milk,Morning,Tue,Dec,2,12,03-12-2024,45:54.4,2375
20,card,35.76,Cocoa,Night,Tue,Dec,2,12,03-12-2024,50:55.8,2376
21,card,35.76,Latte,Night,Tue,Dec,2,12,03-12-2024,33:16.9,2377
21,card,35.76,Cappuccino,Night,Tue,Dec,2,12,03-12-2024,34:13.1,2378
21,card,35.76,Hot Chocolate,Night,Tue,Dec,2,12,03-12-2024,35:18.9,2379
22,card,30.86,Americano with Milk,Night,Tue,Dec,2,12,03-12-2024,19:13.8,2380
22,card,35.76,Cappuccino,Night,Tue,Dec,2,12,03-12-2024,21:42.1,2381
8,card,25.96,Cortado,Morning,Wed,Dec,3,12,04-12-2024,32:47.9,2382
8,card,35.76,Latte,Morning,Wed,Dec,3,12,04-12-2024,50:30.3,2383
8,card,35.76,Latte,Morning,Wed,Dec,3,12,04-12-2024,52:15.0,2384
9,card,25.96,Americano,Morning,Wed,Dec,3,12,04-12-2024,04:14.1,2385
10,card,30.86,Americano with Milk,Morning,Wed,Dec,3,12,04-12-2024,23:01.4,2386
10,card,30.86,Americano with Milk,Morning,Wed,Dec,3,12,04-12-2024,24:08.0,2387
10,card,30.86,Americano with Milk,Morning,Wed,Dec,3,12,04-12-2024,26:57.8,2388
10,card,35.76,Hot Chocolate,Morning,Wed,Dec,3,12,04-12-2024,29:47.6,2389
11,card,30.86,Americano with Milk,Morning,Wed,Dec,3,12,04-12-2024,45:57.7,2390
14,card,35.76,Hot Chocolate,Afternoon,Wed,Dec,3,12,04-12-2024,33:54.7,2391
8,card,25.96,Americano,Morning,Thu,Dec,4,12,05-12-2024,53:48.3,2392
9,card,25.96,Cortado,Morning,Thu,Dec,4,12,05-12-2024,20:28.8,2393
10,card,30.86,Americano with Milk,Morning,Thu,Dec,4,12,05-12-2024,02:51.3,2394
10,card,30.86,Americano with Milk,Morning,Thu,Dec,4,12,05-12-2024,05:05.5,2395
11,card,35.76,Latte,Morning,Thu,Dec,4,12,05-12-2024,31:58.3,2396
11,card,25.96,Americano,Morning,Thu,Dec,4,12,05-12-2024,50:44.6,2397
14,card,35.76,Cappuccino,Afternoon,Thu,Dec,4,12,05-12-2024,30:58.3,2398
15,card,35.76,Latte,Afternoon,Thu,Dec,4,12,05-12-2024,21:19.5,2399
16,card,35.76,Latte,Afternoon,Thu,Dec,4,12,05-12-2024,02:10.0,2400
11,card,35.76,Latte,Morning,Fri,Dec,5,12,06-12-2024,42:18.5,2401
16,card,35.76,Hot Chocolate,Afternoon,Fri,Dec,5,12,06-12-2024,31:58.0,2402
22,card,35.76,Latte,Night,Fri,Dec,5,12,06-12-2024,30:33.3,2403
22,card,35.76,Hot Chocolate,Night,Fri,Dec,5,12,06-12-2024,31:30.0,2404
11,card,30.86,Americano with Milk,Morning,Sat,Dec,6,12,07-12-2024,17:10.1,2405
14,card,25.96,Americano,Afternoon,Sat,Dec,6,12,07-12-2024,16:42.9,2406
15,card,35.76,Latte,Afternoon,Sat,Dec,6,12,07-12-2024,44:04.9,2407
19,card,35.76,Cappuccino,Night,Sat,Dec,6,12,07-12-2024,11:13.5,2408
22,card,30.86,Americano with Milk,Night,Sat,Dec,6,12,07-12-2024,00:10.0,2409
22,card,25.96,Americano,Night,Sat,Dec,6,12,07-12-2024,28:17.1,2410
8,card,25.96,Cortado,Morning,Sun,Dec,7,12,08-12-2024,29:25.3,2411
10,card,35.76,Latte,Morning,Sun,Dec,7,12,08-12-2024,42:38.2,2412
10,card,35.76,Cappuccino,Morning,Sun,Dec,7,12,08-12-2024,43:42.7,2413
12,card,25.96,Cortado,Afternoon,Sun,Dec,7,12,08-12-2024,51:40.9,2414
13,card,30.86,Americano with Milk,Afternoon,Sun,Dec,7,12,08-12-2024,02:36.2,2415
13,card,30.86,Americano with Milk,Afternoon,Sun,Dec,7,12,08-12-2024,03:38.7,2416
17,card,35.76,Cappuccino,Night,Sun,Dec,7,12,08-12-2024,26:29.3,2417
18,card,21.06,Espresso,Night,Sun,Dec,7,12,08-12-2024,41:48.8,2418
20,card,35.76,Cappuccino,Night,Sun,Dec,7,12,08-12-2024,47:18.9,2419
21,card,30.86,Americano with Milk,Night,Sun,Dec,7,12,08-12-2024,28:30.1,2420
21,card,30.86,Americano with Milk,Night,Sun,Dec,7,12,08-12-2024,41:23.5,2421
8,card,35.76,Cappuccino,Morning,Mon,Dec,1,12,09-12-2024,32:40.8,2422
9,card,25.96,Americano,Morning,Mon,Dec,1,12,09-12-2024,12:25.2,2423
9,card,30.86,Americano with Milk,Morning,Mon,Dec,1,12,09-12-2024,33:57.4,2424
13,card,25.96,Cortado,Afternoon,Mon,Dec,1,12,09-12-2024,00:54.9,2425
21,card,35.76,Cocoa,Night,Mon,Dec,1,12,09-12-2024,21:51.3,2426
12,card,25.96,Cortado,Afternoon,Tue,Dec,2,12,10-12-2024,25:49.8,2427
18,card,35.76,Hot Chocolate,Night,Tue,Dec,2,12,10-12-2024,21:57.8,2428
7,card,35.76,Latte,Morning,Wed,Dec,3,12,11-12-2024,49:46.0,2429
10,card,25.96,Cortado,Morning,Wed,Dec,3,12,11-12-2024,45:47.9,2430
12,card,35.76,Hot Chocolate,Afternoon,Wed,Dec,3,12,11-12-2024,13:06.3,2431
12,card,21.06,Espresso,Afternoon,Wed,Dec,3,12,11-12-2024,56:47.8,2432
17,card,35.76,Cocoa,Night,Wed,Dec,3,12,11-12-2024,59:25.5,2433
21,card,35.76,Latte,Night,Wed,Dec,3,12,11-12-2024,01:07.6,2434
21,card,35.76,Latte,Night,Wed,Dec,3,12,11-12-2024,18:17.2,2435
7,card,30.86,Americano with Milk,Morning,Thu,Dec,4,12,12-12-2024,58:31.2,2436
12,card,25.96,Americano,Afternoon,Thu,Dec,4,12,12-12-2024,49:23.7,2437
16,card,21.06,Espresso,Afternoon,Thu,Dec,4,12,12-12-2024,55:02.1,2438
16,card,21.06,Espresso,Afternoon,Thu,Dec,4,12,12-12-2024,55:49.1,2439
16,card,25.96,Americano,Afternoon,Thu,Dec,4,12,12-12-2024,57:01.1,2440
19,card,35.76,Cocoa,Night,Thu,Dec,4,12,12-12-2024,50:00.9,2441
19,card,35.76,Cocoa,Night,Thu,Dec,4,12,12-12-2024,50:57.7,2442
12,card,25.96,Americano,Afternoon,Fri,Dec,5,12,13-12-2024,27:25.5,2443
12,card,25.96,Americano,Afternoon,Fri,Dec,5,12,13-12-2024,53:05.6,2444
12,card,35.76,Hot Chocolate,Afternoon,Fri,Dec,5,12,13-12-2024,54:40.2,2445
14,card,35.76,Hot Chocolate,Afternoon,Fri,Dec,5,12,13-12-2024,01:58.1,2446
16,card,35.76,Cocoa,Afternoon,Fri,Dec,5,12,13-12-2024,23:23.9,2447
19,card,35.76,Cappuccino,Night,Fri,Dec,5,12,13-12-2024,19:03.8,2448
19,card,35.76,Cappuccino,Night,Fri,Dec,5,12,13-12-2024,20:10.1,2449
21,card,35.76,Latte,Night,Fri,Dec,5,12,13-12-2024,35:42.0,2450
8,card,30.86,Americano with Milk,Morning,Sat,Dec,6,12,14-12-2024,27:32.1,2451
9,card,35.76,Cocoa,Morning,Sat,Dec,6,12,14-12-2024,03:05.6,2452
11,card,35.76,Cappuccino,Morning,Sat,Dec,6,12,14-12-2024,41:57.8,2453
13,card,25.96,Americano,Afternoon,Sat,Dec,6,12,14-12-2024,19:07.0,2454
13,card,35.76,Latte,Afternoon,Sat,Dec,6,12,14-12-2024,20:08.6,2455
16,card,35.76,Cocoa,Afternoon,Sat,Dec,6,12,14-12-2024,10:30.0,2456
16,card,25.96,Americano,Afternoon,Sat,Dec,6,12,14-12-2024,29:58.9,2457
16,card,25.96,Americano,Afternoon,Sat,Dec,6,12,14-12-2024,30:49.8,2458
17,card,25.96,Americano,Night,Sat,Dec,6,12,14-12-2024,00:15.9,2459
17,card,25.96,Americano,Night,Sat,Dec,6,12,14-12-2024,01:29.2,2460
18,card,30.86,Americano with Milk,Night,Sat,Dec,6,12,14-12-2024,23:44.2,2461
11,card,35.76,Latte,Morning,Sun,Dec,7,12,15-12-2024,09:24.8,2462
11,card,35.76,Cocoa,Morning,Sun,Dec,7,12,15-12-2024,10:25.7,2463
17,card,35.76,Hot Chocolate,Night,Sun,Dec,7,12,15-12-2024,58:05.4,2464
7,card,35.76,Latte,Morning,Mon,Dec,1,12,16-12-2024,52:18.4,2465
8,card,35.76,Hot Chocolate,Morning,Mon,Dec,1,12,16-12-2024,03:31.1,2466
8,card,35.76,Cocoa,Morning,Mon,Dec,1,12,16-12-2024,46:53.8,2467
12,card,30.86,Americano with Milk,Afternoon,Mon,Dec,1,12,16-12-2024,19:08.1,2468
13,card,35.76,Latte,Afternoon,Mon,Dec,1,12,16-12-2024,08:52.6,2469
14,card,35.76,Hot Chocolate,Afternoon,Mon,Dec,1,12,16-12-2024,13:18.1,2470
18,card,35.76,Latte,Night,Mon,Dec,1,12,16-12-2024,23:07.0,2471
18,card,30.86,Americano with Milk,Night,Mon,Dec,1,12,16-12-2024,24:01.4,2472
8,card,25.96,Cortado,Morning,Tue,Dec,2,12,17-12-2024,48:18.2,2473
8,card,35.76,Cappuccino,Morning,Tue,Dec,2,12,17-12-2024,52:32.6,2474
10,card,30.86,Americano with Milk,Morning,Tue,Dec,2,12,17-12-2024,49:05.5,2475
16,card,25.96,Americano,Afternoon,Tue,Dec,2,12,17-12-2024,22:35.1,2476
16,card,35.76,Cocoa,Afternoon,Tue,Dec,2,12,17-12-2024,23:36.6,2477
17,card,35.76,Cappuccino,Night,Tue,Dec,2,12,17-12-2024,14:22.1,2478
18,card,35.76,Cocoa,Night,Tue,Dec,2,12,17-12-2024,54:57.3,2479
9,card,35.76,Latte,Morning,Wed,Dec,3,12,18-12-2024,30:28.3,2480
10,card,30.86,Americano with Milk,Morning,Wed,Dec,3,12,18-12-2024,01:21.5,2481
10,card,35.76,Latte,Morning,Wed,Dec,3,12,18-12-2024,03:02.1,2482
10,card,35.76,Cappuccino,Morning,Wed,Dec,3,12,18-12-2024,04:03.4,2483
10,card,35.76,Hot Chocolate,Morning,Thu,Dec,4,12,19-12-2024,12:11.2,2484
11,card,30.86,Americano with Milk,Morning,Thu,Dec,4,12,19-12-2024,25:43.9,2485
12,card,21.06,Espresso,Afternoon,Thu,Dec,4,12,19-12-2024,10:52.3,2486
13,card,35.76,Hot Chocolate,Afternoon,Thu,Dec,4,12,19-12-2024,38:56.8,2487
19,card,35.76,Cappuccino,Night,Thu,Dec,4,12,19-12-2024,00:56.3,2488
19,card,35.76,Cappuccino,Night,Thu,Dec,4,12,19-12-2024,10:40.6,2489
19,card,30.86,Americano with Milk,Night,Thu,Dec,4,12,19-12-2024,48:18.0,2490
19,card,35.76,Hot Chocolate,Night,Thu,Dec,4,12,19-12-2024,49:42.6,2491
21,card,35.76,Latte,Night,Thu,Dec,4,12,19-12-2024,08:11.8,2492
21,card,35.76,Cappuccino,Night,Thu,Dec,4,12,19-12-2024,09:15.7,2493
8,card,25.96,Cortado,Morning,Fri,Dec,5,12,20-12-2024,14:52.0,2494
9,card,30.86,Americano with Milk,Morning,Fri,Dec,5,12,20-12-2024,39:29.9,2495
10,card,35.76,Cappuccino,Morning,Fri,Dec,5,12,20-12-2024,12:42.8,2496
10,card,25.96,Cortado,Morning,Fri,Dec,5,12,20-12-2024,55:29.1,2497
12,card,21.06,Espresso,Afternoon,Fri,Dec,5,12,20-12-2024,21:17.2,2498
12,card,30.86,Americano with Milk,Afternoon,Fri,Dec,5,12,20-12-2024,22:49.4,2499
14,card,25.96,Cortado,Afternoon,Fri,Dec,5,12,20-12-2024,58:20.3,2500
18,card,35.76,Cappuccino,Night,Fri,Dec,5,12,20-12-2024,28:22.2,2501
18,card,35.76,Cappuccino,Night,Fri,Dec,5,12,20-12-2024,57:13.3,2502
10,card,35.76,Cappuccino,Morning,Sat,Dec,6,12,21-12-2024,19:23.9,2503
10,card,35.76,Latte,Morning,Sat,Dec,6,12,21-12-2024,20:41.1,2504
10,card,25.96,Americano,Morning,Sat,Dec,6,12,21-12-2024,32:02.8,2505
15,card,35.76,Hot Chocolate,Afternoon,Sat,Dec,6,12,21-12-2024,33:03.6,2506
15,card,35.76,Latte,Afternoon,Sat,Dec,6,12,21-12-2024,33:49.6,2507
15,card,30.86,Americano with Milk,Afternoon,Sat,Dec,6,12,21-12-2024,35:29.4,2508
15,card,35.76,Latte,Afternoon,Sat,Dec,6,12,21-12-2024,58:07.0,2509
17,card,35.76,Cocoa,Night,Sat,Dec,6,12,21-12-2024,47:27.9,2510
18,card,35.76,Hot Chocolate,Night,Sat,Dec,6,12,21-12-2024,02:36.9,2511
18,card,25.96,Cortado,Night,Sat,Dec,6,12,21-12-2024,08:17.2,2512
19,card,30.86,Americano with Milk,Night,Sat,Dec,6,12,21-12-2024,48:13.5,2513
19,card,25.96,Cortado,Night,Sat,Dec,6,12,21-12-2024,49:45.8,2514
21,card,25.96,Cortado,Night,Sat,Dec,6,12,21-12-2024,49:47.3,2515
21,card,35.76,Latte,Night,Sat,Dec,6,12,21-12-2024,58:48.8,2516
22,card,25.96,Cortado,Night,Sat,Dec,6,12,21-12-2024,16:14.1,2517
10,card,35.76,Cappuccino,Morning,Sun,Dec,7,12,22-12-2024,42:56.1,2518
18,card,35.76,Cappuccino,Night,Sun,Dec,7,12,22-12-2024,55:44.5,2519
19,card,35.76,Hot Chocolate,Night,Sun,Dec,7,12,22-12-2024,35:45.8,2520
19,card,35.76,Hot Chocolate,Night,Sun,Dec,7,12,22-12-2024,36:29.9,2521
20,card,35.76,Hot Chocolate,Night,Sun,Dec,7,12,22-12-2024,26:36.7,2522
21,card,35.76,Cocoa,Night,Sun,Dec,7,12,22-12-2024,55:18.8,2523
21,card,25.96,Cortado,Night,Sun,Dec,7,12,22-12-2024,56:56.3,2524
9,card,25.96,Cortado,Morning,Mon,Dec,1,12,23-12-2024,03:21.0,2525
9,card,30.86,Americano with Milk,Morning,Mon,Dec,1,12,23-12-2024,22:17.9,2526
10,card,30.86,Americano with Milk,Morning,Mon,Dec,1,12,23-12-2024,42:03.4,2527
11,card,35.76,Cappuccino,Morning,Mon,Dec,1,12,23-12-2024,35:54.4,2528
14,card,35.76,Latte,Afternoon,Mon,Dec,1,12,23-12-2024,05:31.7,2529
15,card,30.86,Americano with Milk,Afternoon,Mon,Dec,1,12,23-12-2024,00:23.7,2530
16,card,35.76,Latte,Afternoon,Mon,Dec,1,12,23-12-2024,14:50.4,2531
17,card,25.96,Cortado,Night,Mon,Dec,1,12,23-12-2024,21:20.5,2532
17,card,35.76,Latte,Night,Mon,Dec,1,12,23-12-2024,22:40.3,2533
20,card,25.96,Cortado,Night,Mon,Dec,1,12,23-12-2024,46:07.2,2534
15,card,30.86,Americano with Milk,Afternoon,Tue,Dec,2,12,24-12-2024,10:43.4,2535
16,card,35.76,Hot Chocolate,Afternoon,Tue,Dec,2,12,24-12-2024,08:38.1,2536
17,card,25.96,Cortado,Night,Tue,Dec,2,12,24-12-2024,55:28.6,2537
19,card,35.76,Hot Chocolate,Night,Tue,Dec,2,12,24-12-2024,10:36.3,2538
19,card,35.76,Latte,Night,Tue,Dec,2,12,24-12-2024,11:36.9,2539
19,card,21.06,Espresso,Night,Tue,Dec,2,12,24-12-2024,12:35.0,2540
19,card,35.76,Cappuccino,Night,Tue,Dec,2,12,24-12-2024,36:02.3,2541
10,card,35.76,Latte,Morning,Wed,Dec,3,12,25-12-2024,43:56.8,2542
10,card,35.76,Latte,Morning,Wed,Dec,3,12,25-12-2024,45:02.4,2543
12,card,30.86,Americano with Milk,Afternoon,Wed,Dec,3,12,25-12-2024,35:03.3,2544
12,card,25.96,Americano,Afternoon,Wed,Dec,3,12,25-12-2024,36:00.1,2545
13,card,30.86,Americano with Milk,Afternoon,Wed,Dec,3,12,25-12-2024,17:11.4,2546
13,card,25.96,Americano,Afternoon,Wed,Dec,3,12,25-12-2024,32:47.5,2547
20,card,35.76,Cappuccino,Night,Wed,Dec,3,12,25-12-2024,02:40.3,2548
21,card,35.76,Cocoa,Night,Wed,Dec,3,12,25-12-2024,18:49.8,2549
21,card,35.76,Cocoa,Night,Wed,Dec,3,12,25-12-2024,19:42.1,2550
21,card,35.76,Latte,Night,Wed,Dec,3,12,25-12-2024,57:30.3,2551
22,card,35.76,Cappuccino,Night,Wed,Dec,3,12,25-12-2024,51:02.9,2552
22,card,30.86,Americano with Milk,Night,Wed,Dec,3,12,25-12-2024,53:06.4,2553
13,card,35.76,Cappuccino,Afternoon,Thu,Dec,4,12,26-12-2024,12:37.9,2554
15,card,21.06,Espresso,Afternoon,Thu,Dec,4,12,26-12-2024,04:34.5,2555
7,card,25.96,Americano,Morning,Fri,Dec,5,12,27-12-2024,50:20.7,2556
8,card,25.96,Cortado,Morning,Fri,Dec,5,12,27-12-2024,57:38.9,2557
9,card,25.96,Cortado,Morning,Fri,Dec,5,12,27-12-2024,09:55.2,2558
10,card,30.86,Americano with Milk,Morning,Fri,Dec,5,12,27-12-2024,12:53.4,2559
17,card,35.76,Latte,Night,Fri,Dec,5,12,27-12-2024,12:04.6,2560
19,card,25.96,Americano,Night,Fri,Dec,5,12,27-12-2024,47:27.9,2561
19,card,30.86,Americano with Milk,Night,Fri,Dec,5,12,27-12-2024,48:21.6,2562
22,card,35.76,Cocoa,Night,Fri,Dec,5,12,27-12-2024,54:32.9,2563
9,card,25.96,Cortado,Morning,Sat,Dec,6,12,28-12-2024,00:23.5,2564
9,card,25.96,Cortado,Morning,Sat,Dec,6,12,28-12-2024,50:37.9,2565
10,card,30.86,Americano with Milk,Morning,Sat,Dec,6,12,28-12-2024,18:44.2,2566
10,card,35.76,Latte,Morning,Sat,Dec,6,12,28-12-2024,52:03.1,2567
14,card,35.76,Cappuccino,Afternoon,Sat,Dec,6,12,28-12-2024,10:01.3,2568
14,card,35.76,Hot Chocolate,Afternoon,Sat,Dec,6,12,28-12-2024,13:17.4,2569
17,card,35.76,Latte,Night,Sat,Dec,6,12,28-12-2024,23:40.3,2570
22,card,35.76,Cappuccino,Night,Sat,Dec,6,12,28-12-2024,11:01.8,2571
13,card,25.96,Cortado,Afternoon,Sun,Dec,7,12,29-12-2024,46:16.4,2572
15,card,21.06,Espresso,Afternoon,Sun,Dec,7,12,29-12-2024,04:26.6,2573
15,card,25.96,Americano,Afternoon,Sun,Dec,7,12,29-12-2024,05:16.3,2574
17,card,25.96,Cortado,Night,Sun,Dec,7,12,29-12-2024,30:04.5,2575
17,card,21.06,Espresso,Night,Sun,Dec,7,12,29-12-2024,31:46.7,2576
19,card,25.96,Cortado,Night,Sun,Dec,7,12,29-12-2024,47:43.7,2577
20,card,35.76,Hot Chocolate,Night,Sun,Dec,7,12,29-12-2024,25:54.2,2578
21,card,35.76,Latte,Night,Sun,Dec,7,12,29-12-2024,17:19.3,2579
9,card,25.96,Cortado,Morning,Mon,Dec,1,12,30-12-2024,02:44.3,2580
9,card,30.86,Americano with Milk,Morning,Mon,Dec,1,12,30-12-2024,44:12.0,2581
13,card,35.76,Latte,Afternoon,Mon,Dec,1,12,30-12-2024,52:31.4,2582
13,card,35.76,Hot Chocolate,Afternoon,Mon,Dec,1,12,30-12-2024,53:39.3,2583
15,card,35.76,Latte,Afternoon,Mon,Dec,1,12,30-12-2024,12:45.0,2584
15,card,30.86,Americano with Milk,Afternoon,Mon,Dec,1,12,30-12-2024,13:38.7,2585
16,card,30.86,Americano with Milk,Afternoon,Mon,Dec,1,12,30-12-2024,29:53.9,2586
16,card,25.96,Americano,Afternoon,Mon,Dec,1,12,30-12-2024,31:28.7,2587
16,card,35.76,Cappuccino,Afternoon,Mon,Dec,1,12,30-12-2024,36:45.6,2588
8,card,25.96,Cortado,Morning,Tue,Dec,2,12,31-12-2024,52:28.7,2589
9,card,35.76,Cappuccino,Morning,Tue,Dec,2,12,31-12-2024,36:50.0,2590
9,card,25.96,Cortado,Morning,Tue,Dec,2,12,31-12-2024,39:41.5,2591
9,card,35.76,Cocoa,Morning,Tue,Dec,2,12,31-12-2024,45:28.5,2592
10,card,30.86,Americano with Milk,Morning,Tue,Dec,2,12,31-12-2024,26:53.0,2593
10,card,30.86,Americano with Milk,Morning,Tue,Dec,2,12,31-12-2024,29:28.2,2594
11,card,35.76,Cappuccino,Morning,Tue,Dec,2,12,31-12-2024,11:30.8,2595
11,card,30.86,Americano with Milk,Morning,Tue,Dec,2,12,31-12-2024,12:42.1,2596
15,card,21.06,Espresso,Afternoon,Tue,Dec,2,12,31-12-2024,42:14.1,2597
15,card,25.96,Americano,Afternoon,Tue,Dec,2,12,31-12-2024,43:13.3,2598
16,card,35.76,Cappuccino,Afternoon,Tue,Dec,2,12,31-12-2024,07:18.9,2599
17,card,35.76,Latte,Night,Tue,Dec,2,12,31-12-2024,10:17.5,2600
17,card,30.86,Americano with Milk,Night,Tue,Dec,2,12,31-12-2024,30:52.8,2601
17,card,35.76,Cappuccino,Night,Tue,Dec,2,12,31-12-2024,31:48.5,2602
19,card,35.76,Latte,Night,Tue,Dec,2,12,31-12-2024,07:25.4,2603
19,card,35.76,Hot Chocolate,Night,Tue,Dec,2,12,31-12-2024,08:38.9,2604
9,card,30.86,Americano with Milk,Morning,Thu,Jan,4,1,02-01-2025,58:05.3,2605
13,card,35.76,Cocoa,Afternoon,Thu,Jan,4,1,02-01-2025,29:40.1,2606
13,card,35.76,Cocoa,Afternoon,Thu,Jan,4,1,02-01-2025,30:38.7,2607
14,card,25.96,Cortado,Afternoon,Thu,Jan,4,1,02-01-2025,41:10.6,2608
14,card,25.96,Cortado,Afternoon,Thu,Jan,4,1,02-01-2025,42:45.8,2609
16,card,25.96,Americano,Afternoon,Thu,Jan,4,1,02-01-2025,22:32.4,2610
16,card,35.76,Hot Chocolate,Afternoon,Thu,Jan,4,1,02-01-2025,34:59.5,2611
16,card,30.86,Americano with Milk,Afternoon,Thu,Jan,4,1,02-01-2025,35:44.3,2612
17,card,35.76,Cappuccino,Night,Thu,Jan,4,1,02-01-2025,43:10.2,2613
9,card,25.96,Cortado,Morning,Fri,Jan,5,1,03-01-2025,03:22.7,2614
10,card,30.86,Americano with Milk,Morning,Fri,Jan,5,1,03-01-2025,10:30.8,2615
16,card,30.86,Americano with Milk,Afternoon,Fri,Jan,5,1,03-01-2025,58:09.4,2616
22,card,35.76,Cappuccino,Night,Fri,Jan,5,1,03-01-2025,13:28.6,2617
22,card,25.96,Americano,Night,Fri,Jan,5,1,03-01-2025,18:20.4,2618
22,card,25.96,Americano,Night,Fri,Jan,5,1,03-01-2025,19:14.4,2619
22,card,35.76,Latte,Night,Fri,Jan,5,1,03-01-2025,21:26.0,2620
8,card,25.96,Cortado,Morning,Sat,Jan,6,1,04-01-2025,58:26.5,2621
9,card,25.96,Americano,Morning,Sat,Jan,6,1,04-01-2025,59:27.8,2622
13,card,35.76,Cappuccino,Afternoon,Sat,Jan,6,1,04-01-2025,40:00.3,2623
15,card,35.76,Cocoa,Afternoon,Sat,Jan,6,1,04-01-2025,59:33.2,2624
16,card,30.86,Americano with Milk,Afternoon,Sat,Jan,6,1,04-01-2025,12:55.2,2625
16,card,35.76,Cappuccino,Afternoon,Sat,Jan,6,1,04-01-2025,14:10.2,2626
16,card,35.76,Cappuccino,Afternoon,Sat,Jan,6,1,04-01-2025,16:11.2,2627
16,card,25.96,Cortado,Afternoon,Sat,Jan,6,1,04-01-2025,18:04.1,2628
18,card,25.96,Americano,Night,Sat,Jan,6,1,04-01-2025,11:39.3,2629
22,card,35.76,Latte,Night,Sat,Jan,6,1,04-01-2025,23:30.7,2630
9,card,30.86,Americano with Milk,Morning,Sun,Jan,7,1,05-01-2025,45:57.8,2631
10,card,35.76,Latte,Morning,Sun,Jan,7,1,05-01-2025,53:00.8,2632
22,card,30.86,Americano with Milk,Night,Sun,Jan,7,1,05-01-2025,07:16.5,2633
19,card,25.96,Americano,Night,Mon,Jan,1,1,06-01-2025,58:50.7,2634
13,card,35.76,Cappuccino,Afternoon,Tue,Jan,2,1,07-01-2025,29:02.8,2635
22,card,35.76,Cocoa,Night,Tue,Jan,2,1,07-01-2025,32:45.1,2636
22,card,35.76,Cocoa,Night,Tue,Jan,2,1,07-01-2025,33:58.9,2637
7,card,30.86,Americano with Milk,Morning,Wed,Jan,3,1,08-01-2025,30:02.0,2638
9,card,35.76,Latte,Morning,Wed,Jan,3,1,08-01-2025,11:15.1,2639
10,card,25.96,Cortado,Morning,Wed,Jan,3,1,08-01-2025,30:28.7,2640
17,card,35.76,Cappuccino,Night,Wed,Jan,3,1,08-01-2025,22:51.6,2641
8,card,25.96,Americano,Morning,Thu,Jan,4,1,09-01-2025,07:07.6,2642
8,card,35.76,Latte,Morning,Thu,Jan,4,1,09-01-2025,56:34.7,2643
9,card,30.86,Americano with Milk,Morning,Thu,Jan,4,1,09-01-2025,02:31.8,2644
14,card,21.06,Espresso,Afternoon,Thu,Jan,4,1,09-01-2025,27:23.7,2645
15,card,35.76,Latte,Afternoon,Thu,Jan,4,1,09-01-2025,36:58.7,2646
15,card,30.86,Americano with Milk,Afternoon,Thu,Jan,4,1,09-01-2025,48:10.0,2647
15,card,25.96,Cortado,Afternoon,Thu,Jan,4,1,09-01-2025,49:11.8,2648
20,card,30.86,Americano with Milk,Night,Thu,Jan,4,1,09-01-2025,30:29.1,2649
22,card,35.76,Latte,Night,Thu,Jan,4,1,09-01-2025,10:20.7,2650
8,card,30.86,Americano with Milk,Morning,Fri,Jan,5,1,10-01-2025,49:20.8,2651
9,card,30.86,Americano with Milk,Morning,Fri,Jan,5,1,10-01-2025,16:36.5,2652
17,card,35.76,Cappuccino,Night,Fri,Jan,5,1,10-01-2025,51:18.8,2653
17,card,35.76,Hot Chocolate,Night,Fri,Jan,5,1,10-01-2025,55:53.4,2654
17,card,30.86,Americano with Milk,Night,Fri,Jan,5,1,10-01-2025,59:39.2,2655
7,card,30.86,Americano with Milk,Morning,Sat,Jan,6,1,11-01-2025,44:30.5,2656
10,card,35.76,Hot Chocolate,Morning,Sat,Jan,6,1,11-01-2025,49:41.3,2657
11,card,25.96,Americano,Morning,Sat,Jan,6,1,11-01-2025,13:53.9,2658
11,card,35.76,Latte,Morning,Sat,Jan,6,1,11-01-2025,20:17.6,2659
11,card,35.76,Latte,Morning,Sat,Jan,6,1,11-01-2025,21:25.6,2660
12,card,35.76,Latte,Afternoon,Sat,Jan,6,1,11-01-2025,10:58.7,2661
12,card,35.76,Latte,Afternoon,Sat,Jan,6,1,11-01-2025,13:24.8,2662
14,card,30.86,Americano with Milk,Afternoon,Sat,Jan,6,1,11-01-2025,12:54.8,2663
14,card,30.86,Americano with Milk,Afternoon,Sat,Jan,6,1,11-01-2025,15:38.1,2664
14,card,35.76,Cappuccino,Afternoon,Sat,Jan,6,1,11-01-2025,16:43.9,2665
14,card,35.76,Latte,Afternoon,Sat,Jan,6,1,11-01-2025,47:03.0,2666
17,card,25.96,Cortado,Night,Sat,Jan,6,1,11-01-2025,19:34.0,2667
17,card,35.76,Latte,Night,Sat,Jan,6,1,11-01-2025,20:56.8,2668
17,card,25.96,Cortado,Night,Sat,Jan,6,1,11-01-2025,22:05.1,2669
18,card,30.86,Americano with Milk,Night,Sat,Jan,6,1,11-01-2025,01:28.5,2670
11,card,30.86,Americano with Milk,Morning,Sun,Jan,7,1,12-01-2025,45:32.4,2671
11,card,25.96,Americano,Morning,Sun,Jan,7,1,12-01-2025,48:18.7,2672
11,card,30.86,Americano with Milk,Morning,Sun,Jan,7,1,12-01-2025,49:50.3,2673
16,card,35.76,Hot Chocolate,Afternoon,Sun,Jan,7,1,12-01-2025,15:58.8,2674
20,card,30.86,Americano with Milk,Night,Sun,Jan,7,1,12-01-2025,56:04.3,2675
8,card,30.86,Americano with Milk,Morning,Mon,Jan,1,1,13-01-2025,08:20.3,2676
9,card,30.86,Americano with Milk,Morning,Mon,Jan,1,1,13-01-2025,17:19.6,2677
13,card,25.96,Cortado,Afternoon,Mon,Jan,1,1,13-01-2025,02:56.6,2678
13,card,35.76,Latte,Afternoon,Mon,Jan,1,1,13-01-2025,50:46.6,2679
14,card,35.76,Latte,Afternoon,Mon,Jan,1,1,13-01-2025,11:27.3,2680
14,card,35.76,Cappuccino,Afternoon,Mon,Jan,1,1,13-01-2025,12:28.3,2681
16,card,35.76,Latte,Afternoon,Mon,Jan,1,1,13-01-2025,25:36.3,2682
20,card,21.06,Espresso,Night,Mon,Jan,1,1,13-01-2025,51:18.3,2683
7,card,35.76,Latte,Morning,Tue,Jan,2,1,14-01-2025,37:42.5,2684
9,card,25.96,Cortado,Morning,Tue,Jan,2,1,14-01-2025,53:42.8,2685
10,card,30.86,Americano with Milk,Morning,Tue,Jan,2,1,14-01-2025,21:45.6,2686
12,card,35.76,Latte,Afternoon,Tue,Jan,2,1,14-01-2025,49:14.4,2687
16,card,30.86,Americano with Milk,Afternoon,Tue,Jan,2,1,14-01-2025,18:19.3,2688
16,card,30.86,Americano with Milk,Afternoon,Tue,Jan,2,1,14-01-2025,19:26.5,2689
19,card,35.76,Cappuccino,Night,Tue,Jan,2,1,14-01-2025,41:55.9,2690
21,card,35.76,Latte,Night,Tue,Jan,2,1,14-01-2025,02:35.6,2691
9,card,30.86,Americano with Milk,Morning,Wed,Jan,3,1,15-01-2025,12:04.2,2692
11,card,25.96,Americano,Morning,Wed,Jan,3,1,15-01-2025,10:23.7,2693
13,card,35.76,Cappuccino,Afternoon,Wed,Jan,3,1,15-01-2025,14:14.6,2694
15,card,35.76,Latte,Afternoon,Wed,Jan,3,1,15-01-2025,35:21.9,2695
15,card,35.76,Cappuccino,Afternoon,Wed,Jan,3,1,15-01-2025,36:47.9,2696
15,card,35.76,Latte,Afternoon,Wed,Jan,3,1,15-01-2025,37:55.7,2697
16,card,35.76,Latte,Afternoon,Wed,Jan,3,1,15-01-2025,55:26.0,2698
18,card,35.76,Latte,Night,Wed,Jan,3,1,15-01-2025,06:12.4,2699
19,card,35.76,Latte,Night,Wed,Jan,3,1,15-01-2025,51:14.1,2700
21,card,35.76,Cappuccino,Night,Wed,Jan,3,1,15-01-2025,41:14.3,2701
9,card,35.76,Latte,Morning,Thu,Jan,4,1,16-01-2025,32:57.7,2702
9,card,30.86,Americano with Milk,Morning,Thu,Jan,4,1,16-01-2025,38:09.4,2703
10,card,30.86,Americano with Milk,Morning,Thu,Jan,4,1,16-01-2025,41:40.9,2704
12,card,25.96,Cortado,Afternoon,Thu,Jan,4,1,16-01-2025,12:16.3,2705
15,card,35.76,Latte,Afternoon,Thu,Jan,4,1,16-01-2025,16:19.2,2706
16,card,35.76,Latte,Afternoon,Thu,Jan,4,1,16-01-2025,35:11.0,2707
18,card,35.76,Cappuccino,Night,Thu,Jan,4,1,16-01-2025,15:57.4,2708
21,card,35.76,Hot Chocolate,Night,Thu,Jan,4,1,16-01-2025,15:59.7,2709
21,card,35.76,Hot Chocolate,Night,Thu,Jan,4,1,16-01-2025,16:59.2,2710
21,card,25.96,Cortado,Night,Thu,Jan,4,1,16-01-2025,40:12.5,2711
7,card,35.76,Cocoa,Morning,Fri,Jan,5,1,17-01-2025,38:19.8,2712
8,card,35.76,Latte,Morning,Fri,Jan,5,1,17-01-2025,26:20.8,2713
8,card,35.76,Cappuccino,Morning,Fri,Jan,5,1,17-01-2025,27:48.4,2714
8,card,30.86,Americano with Milk,Morning,Fri,Jan,5,1,17-01-2025,47:56.1,2715
9,card,30.86,Americano with Milk,Morning,Fri,Jan,5,1,17-01-2025,27:38.4,2716
14,card,35.76,Cocoa,Afternoon,Fri,Jan,5,1,17-01-2025,20:54.0,2717
14,card,35.76,Cocoa,Afternoon,Fri,Jan,5,1,17-01-2025,22:02.7,2718
17,card,35.76,Hot Chocolate,Night,Fri,Jan,5,1,17-01-2025,39:10.6,2719
21,card,35.76,Hot Chocolate,Night,Fri,Jan,5,1,17-01-2025,22:19.0,2720
10,card,30.86,Americano with Milk,Morning,Sat,Jan,6,1,18-01-2025,12:38.2,2721
16,card,35.76,Hot Chocolate,Afternoon,Sat,Jan,6,1,18-01-2025,33:40.1,2722
16,card,35.76,Latte,Afternoon,Sat,Jan,6,1,18-01-2025,35:14.2,2723
16,card,35.76,Hot Chocolate,Afternoon,Sat,Jan,6,1,18-01-2025,36:29.0,2724
8,card,30.86,Americano with Milk,Morning,Mon,Jan,1,1,20-01-2025,29:48.0,2725
10,card,30.86,Americano with Milk,Morning,Mon,Jan,1,1,20-01-2025,57:25.2,2726
11,card,25.96,Cortado,Morning,Mon,Jan,1,1,20-01-2025,40:24.0,2727
12,card,25.96,Americano,Afternoon,Mon,Jan,1,1,20-01-2025,04:49.9,2728
12,card,25.96,Cortado,Afternoon,Mon,Jan,1,1,20-01-2025,06:00.7,2729
13,card,30.86,Americano with Milk,Afternoon,Mon,Jan,1,1,20-01-2025,45:14.1,2730
20,card,35.76,Hot Chocolate,Night,Mon,Jan,1,1,20-01-2025,08:11.4,2731
20,card,35.76,Cappuccino,Night,Mon,Jan,1,1,20-01-2025,26:24.9,2732
20,card,35.76,Cappuccino,Night,Mon,Jan,1,1,20-01-2025,27:29.0,2733
21,card,35.76,Latte,Night,Mon,Jan,1,1,20-01-2025,13:45.4,2734
8,card,35.76,Cocoa,Morning,Tue,Jan,2,1,21-01-2025,05:04.3,2735
8,card,25.96,Cortado,Morning,Tue,Jan,2,1,21-01-2025,18:19.3,2736
8,card,30.86,Americano with Milk,Morning,Tue,Jan,2,1,21-01-2025,19:28.3,2737
15,card,25.96,Americano,Afternoon,Tue,Jan,2,1,21-01-2025,35:16.5,2738
18,card,35.76,Hot Chocolate,Night,Tue,Jan,2,1,21-01-2025,32:32.7,2739
18,card,35.76,Latte,Night,Tue,Jan,2,1,21-01-2025,54:13.4,2740
18,card,35.76,Latte,Night,Tue,Jan,2,1,21-01-2025,56:15.3,2741
19,card,25.96,Americano,Night,Tue,Jan,2,1,21-01-2025,15:21.1,2742
11,card,21.06,Espresso,Morning,Wed,Jan,3,1,22-01-2025,24:45.9,2743
17,card,30.86,Americano with Milk,Night,Wed,Jan,3,1,22-01-2025,32:06.5,2744
18,card,35.76,Cocoa,Night,Wed,Jan,3,1,22-01-2025,49:59.4,2745
19,card,30.86,Americano with Milk,Night,Wed,Jan,3,1,22-01-2025,10:26.0,2746
19,card,35.76,Cappuccino,Night,Wed,Jan,3,1,22-01-2025,11:23.1,2747
19,card,35.76,Latte,Night,Wed,Jan,3,1,22-01-2025,29:15.7,2748
20,card,30.86,Americano with Milk,Night,Wed,Jan,3,1,22-01-2025,14:30.7,2749
13,card,35.76,Cappuccino,Afternoon,Fri,Jan,5,1,24-01-2025,42:17.0,2750
13,card,25.96,Cortado,Afternoon,Fri,Jan,5,1,24-01-2025,43:37.6,2751
15,card,35.76,Cocoa,Afternoon,Fri,Jan,5,1,24-01-2025,28:38.8,2752
17,card,25.96,Americano,Night,Fri,Jan,5,1,24-01-2025,41:49.3,2753
21,card,35.76,Cocoa,Night,Fri,Jan,5,1,24-01-2025,16:26.4,2754
22,card,35.76,Hot Chocolate,Night,Fri,Jan,5,1,24-01-2025,31:55.6,2755
22,card,35.76,Latte,Night,Fri,Jan,5,1,24-01-2025,32:57.9,2756
13,card,35.76,Cappuccino,Afternoon,Sat,Jan,6,1,25-01-2025,21:04.2,2757
14,card,35.76,Cappuccino,Afternoon,Sat,Jan,6,1,25-01-2025,38:24.6,2758
14,card,25.96,Americano,Afternoon,Sat,Jan,6,1,25-01-2025,39:35.1,2759
12,card,25.96,Americano,Afternoon,Sun,Jan,7,1,26-01-2025,35:23.0,2760
12,card,21.06,Espresso,Afternoon,Sun,Jan,7,1,26-01-2025,36:34.0,2761
8,card,25.96,Cortado,Morning,Mon,Jan,1,1,27-01-2025,07:42.4,2762
8,card,25.96,Americano,Morning,Mon,Jan,1,1,27-01-2025,32:43.5,2763
12,card,35.76,Cappuccino,Afternoon,Mon,Jan,1,1,27-01-2025,05:02.4,2764
13,card,30.86,Americano with Milk,Afternoon,Mon,Jan,1,1,27-01-2025,45:08.8,2765
15,card,30.86,Americano with Milk,Afternoon,Mon,Jan,1,1,27-01-2025,27:54.1,2766
15,card,25.96,Cortado,Afternoon,Mon,Jan,1,1,27-01-2025,29:00.9,2767
15,card,30.86,Americano with Milk,Afternoon,Mon,Jan,1,1,27-01-2025,30:12.7,2768
18,card,35.76,Latte,Night,Mon,Jan,1,1,27-01-2025,55:19.3,2769
19,card,35.76,Latte,Night,Mon,Jan,1,1,27-01-2025,02:40.3,2770
19,card,35.76,Latte,Night,Mon,Jan,1,1,27-01-2025,03:45.5,2771
8,card,35.76,Latte,Morning,Tue,Jan,2,1,28-01-2025,26:36.8,2772
9,card,25.96,Americano,Morning,Tue,Jan,2,1,28-01-2025,33:17.1,2773
11,card,30.86,Americano with Milk,Morning,Tue,Jan,2,1,28-01-2025,56:26.9,2774
12,card,25.96,Americano,Afternoon,Tue,Jan,2,1,28-01-2025,22:01.2,2775
16,card,35.76,Cocoa,Afternoon,Tue,Jan,2,1,28-01-2025,19:07.6,2776
16,card,25.96,Cortado,Afternoon,Tue,Jan,2,1,28-01-2025,20:44.7,2777
17,card,25.96,Americano,Night,Tue,Jan,2,1,28-01-2025,40:00.9,2778
20,card,35.76,Latte,Night,Tue,Jan,2,1,28-01-2025,11:50.9,2779
20,card,35.76,Cappuccino,Night,Tue,Jan,2,1,28-01-2025,13:45.2,2780
9,card,25.96,Americano,Morning,Wed,Jan,3,1,29-01-2025,38:47.2,2781
16,card,25.96,Americano,Afternoon,Wed,Jan,3,1,29-01-2025,25:36.8,2782
19,card,30.86,Americano with Milk,Night,Wed,Jan,3,1,29-01-2025,19:08.3,2783
19,card,21.06,Espresso,Night,Wed,Jan,3,1,29-01-2025,20:34.7,2784
9,card,30.86,Americano with Milk,Morning,Thu,Jan,4,1,30-01-2025,18:05.5,2785
10,card,30.86,Americano with Milk,Morning,Thu,Jan,4,1,30-01-2025,12:33.9,2786
11,card,25.96,Cortado,Morning,Thu,Jan,4,1,30-01-2025,26:29.2,2787
12,card,35.76,Hot Chocolate,Afternoon,Thu,Jan,4,1,30-01-2025,42:15.7,2788
13,card,25.96,Americano,Afternoon,Thu,Jan,4,1,30-01-2025,02:00.7,2789
14,card,30.86,Americano with Milk,Afternoon,Thu,Jan,4,1,30-01-2025,41:42.3,2790
17,card,35.76,Hot Chocolate,Night,Thu,Jan,4,1,30-01-2025,18:48.4,2791
18,card,30.86,Americano with Milk,Night,Thu,Jan,4,1,30-01-2025,24:06.7,2792
18,card,25.96,Cortado,Night,Thu,Jan,4,1,30-01-2025,41:49.7,2793
8,card,25.96,Americano,Morning,Fri,Jan,5,1,31-01-2025,40:51.4,2794
8,card,30.86,Americano with Milk,Morning,Fri,Jan,5,1,31-01-2025,41:44.7,2795
9,card,30.86,Americano with Milk,Morning,Fri,Jan,5,1,31-01-2025,17:14.8,2796
9,card,35.76,Cocoa,Morning,Fri,Jan,5,1,31-01-2025,20:11.0,2797
9,card,35.76,Cappuccino,Morning,Fri,Jan,5,1,31-01-2025,26:46.8,2798
9,card,35.76,Cappuccino,Morning,Fri,Jan,5,1,31-01-2025,27:47.7,2799
12,card,35.76,Latte,Afternoon,Fri,Jan,5,1,31-01-2025,31:01.2,2800
12,card,35.76,Latte,Afternoon,Fri,Jan,5,1,31-01-2025,54:25.7,2801
14,card,35.76,Cappuccino,Afternoon,Fri,Jan,5,1,31-01-2025,02:58.3,2802
16,card,30.86,Americano with Milk,Afternoon,Fri,Jan,5,1,31-01-2025,48:34.0,2803
22,card,30.86,Americano with Milk,Night,Fri,Jan,5,1,31-01-2025,35:58.8,2804
22,card,25.96,Americano,Night,Fri,Jan,5,1,31-01-2025,37:02.0,2805
8,card,30.86,Americano with Milk,Morning,Sat,Feb,6,2,01-02-2025,50:23.6,2806
10,card,30.86,Americano with Milk,Morning,Sat,Feb,6,2,01-02-2025,07:22.8,2807
13,card,25.96,Cortado,Afternoon,Sat,Feb,6,2,01-02-2025,14:46.6,2808
13,card,25.96,Cortado,Afternoon,Sat,Feb,6,2,01-02-2025,15:29.2,2809
14,card,35.76,Cappuccino,Afternoon,Sat,Feb,6,2,01-02-2025,35:18.9,2810
14,card,35.76,Cappuccino,Afternoon,Sat,Feb,6,2,01-02-2025,36:16.6,2811
15,card,35.76,Latte,Afternoon,Sat,Feb,6,2,01-02-2025,49:59.0,2812
18,card,35.76,Cappuccino,Night,Sat,Feb,6,2,01-02-2025,57:14.4,2813
19,card,30.86,Americano with Milk,Night,Sat,Feb,6,2,01-02-2025,53:15.5,2814
19,card,30.86,Americano with Milk,Night,Sat,Feb,6,2,01-02-2025,54:24.1,2815
21,card,30.86,Americano with Milk,Night,Sat,Feb,6,2,01-02-2025,37:01.8,2816
10,card,35.76,Cappuccino,Morning,Sun,Feb,7,2,02-02-2025,56:21.9,2817
10,card,35.76,Cappuccino,Morning,Sun,Feb,7,2,02-02-2025,57:37.8,2818
12,card,35.76,Latte,Afternoon,Sun,Feb,7,2,02-02-2025,54:32.2,2819
12,card,35.76,Latte,Afternoon,Sun,Feb,7,2,02-02-2025,56:04.7,2820
14,card,30.86,Americano with Milk,Afternoon,Sun,Feb,7,2,02-02-2025,22:57.3,2821
16,card,35.76,Latte,Afternoon,Sun,Feb,7,2,02-02-2025,45:07.9,2822
16,card,35.76,Latte,Afternoon,Sun,Feb,7,2,02-02-2025,46:57.2,2823
7,card,35.76,Cappuccino,Morning,Mon,Feb,1,2,03-02-2025,03:24.8,2824
7,card,30.86,Americano with Milk,Morning,Mon,Feb,1,2,03-02-2025,04:56.6,2825
8,card,21.06,Espresso,Morning,Mon,Feb,1,2,03-02-2025,04:03.6,2826
8,card,30.86,Americano with Milk,Morning,Mon,Feb,1,2,03-02-2025,09:09.0,2827
10,card,25.96,Americano,Morning,Mon,Feb,1,2,03-02-2025,15:38.6,2828
10,card,35.76,Cappuccino,Morning,Mon,Feb,1,2,03-02-2025,22:18.4,2829
10,card,30.86,Americano with Milk,Morning,Mon,Feb,1,2,03-02-2025,49:58.7,2830
13,card,35.76,Cappuccino,Afternoon,Mon,Feb,1,2,03-02-2025,25:02.1,2831
13,card,35.76,Cappuccino,Afternoon,Mon,Feb,1,2,03-02-2025,32:53.7,2832
13,card,25.96,Americano,Afternoon,Mon,Feb,1,2,03-02-2025,51:03.3,2833
14,card,25.96,Americano,Afternoon,Mon,Feb,1,2,03-02-2025,06:36.5,2834
14,card,35.76,Latte,Afternoon,Mon,Feb,1,2,03-02-2025,47:02.2,2835
14,card,35.76,Latte,Afternoon,Mon,Feb,1,2,03-02-2025,50:20.6,2836
15,card,35.76,Latte,Afternoon,Mon,Feb,1,2,03-02-2025,01:44.6,2837
15,card,25.96,Americano,Afternoon,Mon,Feb,1,2,03-02-2025,41:27.2,2838
17,card,35.76,Cocoa,Night,Mon,Feb,1,2,03-02-2025,01:26.9,2839
17,card,30.86,Americano with Milk,Night,Mon,Feb,1,2,03-02-2025,09:55.1,2840
17,card,30.86,Americano with Milk,Night,Mon,Feb,1,2,03-02-2025,11:07.2,2841
17,card,30.86,Americano with Milk,Night,Mon,Feb,1,2,03-02-2025,12:05.2,2842
17,card,35.76,Hot Chocolate,Night,Mon,Feb,1,2,03-02-2025,13:21.5,2843
17,card,35.76,Latte,Night,Mon,Feb,1,2,03-02-2025,14:18.4,2844
17,card,35.76,Hot Chocolate,Night,Mon,Feb,1,2,03-02-2025,15:40.9,2845
17,card,30.86,Americano with Milk,Night,Mon,Feb,1,2,03-02-2025,44:17.7,2846
18,card,25.96,Americano,Night,Mon,Feb,1,2,03-02-2025,09:00.5,2847
20,card,35.76,Cocoa,Night,Mon,Feb,1,2,03-02-2025,44:14.1,2848
10,card,30.86,Americano with Milk,Morning,Tue,Feb,2,2,04-02-2025,04:56.8,2849
10,card,25.96,Americano,Morning,Tue,Feb,2,2,04-02-2025,11:31.3,2850
12,card,30.86,Americano with Milk,Afternoon,Tue,Feb,2,2,04-02-2025,35:58.3,2851
13,card,25.96,Cortado,Afternoon,Tue,Feb,2,2,04-02-2025,07:39.0,2852
14,card,25.96,Americano,Afternoon,Tue,Feb,2,2,04-02-2025,15:14.0,2853
14,card,30.86,Americano with Milk,Afternoon,Tue,Feb,2,2,04-02-2025,17:36.5,2854
14,card,25.96,Americano,Afternoon,Tue,Feb,2,2,04-02-2025,19:48.5,2855
18,card,30.86,Americano with Milk,Night,Tue,Feb,2,2,04-02-2025,13:41.8,2856
19,card,35.76,Cocoa,Night,Tue,Feb,2,2,04-02-2025,05:21.9,2857
19,card,35.76,Cocoa,Night,Tue,Feb,2,2,04-02-2025,09:36.7,2858
19,card,35.76,Cocoa,Night,Tue,Feb,2,2,04-02-2025,10:27.6,2859
19,card,25.96,Cortado,Night,Tue,Feb,2,2,04-02-2025,27:27.3,2860
8,card,30.86,Americano with Milk,Morning,Wed,Feb,3,2,05-02-2025,42:10.5,2861
9,card,30.86,Americano with Milk,Morning,Wed,Feb,3,2,05-02-2025,10:43.7,2862
11,card,25.96,Americano,Morning,Wed,Feb,3,2,05-02-2025,49:35.8,2863
11,card,25.96,Americano,Morning,Wed,Feb,3,2,05-02-2025,50:41.6,2864
11,card,25.96,Americano,Morning,Wed,Feb,3,2,05-02-2025,51:45.4,2865
11,card,30.86,Americano with Milk,Morning,Wed,Feb,3,2,05-02-2025,58:36.4,2866
12,card,25.96,Americano,Afternoon,Wed,Feb,3,2,05-02-2025,10:46.9,2867
13,card,25.96,Americano,Afternoon,Wed,Feb,3,2,05-02-2025,20:46.2,2868
13,card,21.06,Espresso,Afternoon,Wed,Feb,3,2,05-02-2025,43:42.8,2869
13,card,21.06,Espresso,Afternoon,Wed,Feb,3,2,05-02-2025,44:29.3,2870
14,card,35.76,Cappuccino,Afternoon,Wed,Feb,3,2,05-02-2025,57:52.7,2871
15,card,35.76,Cappuccino,Afternoon,Wed,Feb,3,2,05-02-2025,50:58.8,2872
16,card,35.76,Hot Chocolate,Afternoon,Wed,Feb,3,2,05-02-2025,34:20.4,2873
16,card,35.76,Latte,Afternoon,Wed,Feb,3,2,05-02-2025,35:33.0,2874
16,card,35.76,Latte,Afternoon,Wed,Feb,3,2,05-02-2025,36:34.2,2875
16,card,35.76,Cocoa,Afternoon,Wed,Feb,3,2,05-02-2025,39:01.7,2876
16,card,35.76,Hot Chocolate,Afternoon,Wed,Feb,3,2,05-02-2025,41:10.0,2877
18,card,35.76,Cappuccino,Night,Wed,Feb,3,2,05-02-2025,18:34.4,2878
18,card,35.76,Cappuccino,Night,Wed,Feb,3,2,05-02-2025,19:49.1,2879
18,card,35.76,Cocoa,Night,Wed,Feb,3,2,05-02-2025,20:51.5,2880
18,card,30.86,Americano with Milk,Night,Wed,Feb,3,2,05-02-2025,25:29.3,2881
18,card,35.76,Cappuccino,Night,Wed,Feb,3,2,05-02-2025,45:42.1,2882
19,card,35.76,Hot Chocolate,Night,Wed,Feb,3,2,05-02-2025,06:46.3,2883
20,card,35.76,Cocoa,Night,Wed,Feb,3,2,05-02-2025,03:20.6,2884
7,card,30.86,Americano with Milk,Morning,Thu,Feb,4,2,06-02-2025,16:48.6,2885
13,card,25.96,Americano,Afternoon,Thu,Feb,4,2,06-02-2025,59:21.5,2886
14,card,30.86,Americano with Milk,Afternoon,Thu,Feb,4,2,06-02-2025,55:31.6,2887
14,card,35.76,Cappuccino,Afternoon,Thu,Feb,4,2,06-02-2025,59:22.4,2888
16,card,35.76,Cocoa,Afternoon,Thu,Feb,4,2,06-02-2025,14:49.8,2889
17,card,35.76,Cocoa,Night,Thu,Feb,4,2,06-02-2025,09:45.6,2890
17,card,35.76,Cocoa,Night,Thu,Feb,4,2,06-02-2025,54:25.0,2891
19,card,35.76,Cappuccino,Night,Thu,Feb,4,2,06-02-2025,53:12.7,2892
19,card,21.06,Espresso,Night,Thu,Feb,4,2,06-02-2025,55:06.5,2893
20,card,35.76,Cocoa,Night,Thu,Feb,4,2,06-02-2025,06:59.3,2894
20,card,35.76,Cocoa,Night,Thu,Feb,4,2,06-02-2025,07:47.1,2895
20,card,35.76,Latte,Night,Thu,Feb,4,2,06-02-2025,23:13.5,2896
8,card,30.86,Americano with Milk,Morning,Fri,Feb,5,2,07-02-2025,44:50.0,2897
9,card,30.86,Americano with Milk,Morning,Fri,Feb,5,2,07-02-2025,07:04.7,2898
10,card,25.96,Americano,Morning,Fri,Feb,5,2,07-02-2025,49:23.2,2899
12,card,35.76,Cocoa,Afternoon,Fri,Feb,5,2,07-02-2025,09:38.6,2900
12,card,30.86,Americano with Milk,Afternoon,Fri,Feb,5,2,07-02-2025,51:22.4,2901
12,card,25.96,Americano,Afternoon,Fri,Feb,5,2,07-02-2025,58:51.8,2902
16,card,25.96,Cortado,Afternoon,Fri,Feb,5,2,07-02-2025,04:10.9,2903
16,card,35.76,Latte,Afternoon,Fri,Feb,5,2,07-02-2025,22:13.1,2904
16,card,35.76,Hot Chocolate,Afternoon,Fri,Feb,5,2,07-02-2025,23:14.1,2905
16,card,35.76,Latte,Afternoon,Fri,Feb,5,2,07-02-2025,24:35.2,2906
18,card,35.76,Cocoa,Night,Fri,Feb,5,2,07-02-2025,42:36.7,2907
18,card,35.76,Cocoa,Night,Fri,Feb,5,2,07-02-2025,43:36.1,2908
18,card,25.96,Cortado,Night,Fri,Feb,5,2,07-02-2025,44:30.8,2909
18,card,35.76,Cocoa,Night,Fri,Feb,5,2,07-02-2025,45:23.1,2910
20,card,35.76,Cocoa,Night,Fri,Feb,5,2,07-02-2025,10:59.4,2911
20,card,25.96,Cortado,Night,Fri,Feb,5,2,07-02-2025,30:56.9,2912
9,card,25.96,Americano,Morning,Sat,Feb,6,2,08-02-2025,01:42.9,2913
10,card,30.86,Americano with Milk,Morning,Sat,Feb,6,2,08-02-2025,56:17.1,2914
11,card,25.96,Cortado,Morning,Sat,Feb,6,2,08-02-2025,02:41.4,2915
11,card,25.96,Americano,Morning,Sat,Feb,6,2,08-02-2025,39:33.9,2916
12,card,25.96,Americano,Afternoon,Sat,Feb,6,2,08-02-2025,46:12.8,2917
13,card,25.96,Americano,Afternoon,Sat,Feb,6,2,08-02-2025,26:47.6,2918
15,card,25.96,Americano,Afternoon,Sat,Feb,6,2,08-02-2025,07:04.2,2919
15,card,25.96,Americano,Afternoon,Sat,Feb,6,2,08-02-2025,08:09.2,2920
8,card,35.76,Cocoa,Morning,Sun,Feb,7,2,09-02-2025,49:24.1,2921
10,card,30.86,Americano with Milk,Morning,Sun,Feb,7,2,09-02-2025,31:09.2,2922
10,card,25.96,Americano,Morning,Sun,Feb,7,2,09-02-2025,51:28.0,2923
12,card,35.76,Latte,Afternoon,Sun,Feb,7,2,09-02-2025,05:05.0,2924
15,card,35.76,Cocoa,Afternoon,Sun,Feb,7,2,09-02-2025,13:09.2,2925
15,card,35.76,Latte,Afternoon,Sun,Feb,7,2,09-02-2025,14:02.3,2926
15,card,35.76,Hot Chocolate,Afternoon,Sun,Feb,7,2,09-02-2025,15:57.9,2927
15,card,35.76,Cocoa,Afternoon,Sun,Feb,7,2,09-02-2025,16:52.2,2928
16,card,25.96,Cortado,Afternoon,Sun,Feb,7,2,09-02-2025,20:18.8,2929
7,card,25.96,Americano,Morning,Mon,Feb,1,2,10-02-2025,01:46.6,2930
8,card,25.96,Americano,Morning,Mon,Feb,1,2,10-02-2025,16:32.1,2931
8,card,25.96,Americano,Morning,Mon,Feb,1,2,10-02-2025,24:56.4,2932
11,card,30.86,Americano with Milk,Morning,Mon,Feb,1,2,10-02-2025,11:43.0,2933
13,card,25.96,Americano,Afternoon,Mon,Feb,1,2,10-02-2025,08:50.2,2934
13,card,35.76,Cocoa,Afternoon,Mon,Feb,1,2,10-02-2025,11:06.0,2935
13,card,30.86,Americano with Milk,Afternoon,Mon,Feb,1,2,10-02-2025,26:54.7,2936
13,card,25.96,Americano,Afternoon,Mon,Feb,1,2,10-02-2025,40:13.3,2937
14,card,35.76,Latte,Afternoon,Mon,Feb,1,2,10-02-2025,01:52.0,2938
14,card,25.96,Americano,Afternoon,Mon,Feb,1,2,10-02-2025,07:41.4,2939
14,card,35.76,Cocoa,Afternoon,Mon,Feb,1,2,10-02-2025,11:46.5,2940
14,card,35.76,Cocoa,Afternoon,Mon,Feb,1,2,10-02-2025,15:44.6,2941
15,card,35.76,Cappuccino,Afternoon,Mon,Feb,1,2,10-02-2025,01:55.0,2942
15,card,30.86,Americano with Milk,Afternoon,Mon,Feb,1,2,10-02-2025,14:01.2,2943
15,card,35.76,Latte,Afternoon,Mon,Feb,1,2,10-02-2025,46:02.6,2944
15,card,35.76,Hot Chocolate,Afternoon,Mon,Feb,1,2,10-02-2025,47:44.1,2945
16,card,35.76,Cocoa,Afternoon,Mon,Feb,1,2,10-02-2025,20:55.0,2946
17,card,25.96,Americano,Night,Mon,Feb,1,2,10-02-2025,12:02.4,2947
18,card,30.86,Americano with Milk,Night,Mon,Feb,1,2,10-02-2025,27:14.6,2948
19,card,35.76,Latte,Night,Mon,Feb,1,2,10-02-2025,14:01.5,2949
19,card,35.76,Latte,Night,Mon,Feb,1,2,10-02-2025,14:53.5,2950
10,card,25.96,Americano,Morning,Tue,Feb,2,2,11-02-2025,38:26.0,2951
11,card,25.96,Americano,Morning,Tue,Feb,2,2,11-02-2025,19:15.5,2952
11,card,30.86,Americano with Milk,Morning,Tue,Feb,2,2,11-02-2025,20:12.2,2953
11,card,35.76,Cocoa,Morning,Tue,Feb,2,2,11-02-2025,21:08.0,2954
15,card,35.76,Hot Chocolate,Afternoon,Tue,Feb,2,2,11-02-2025,56:49.9,2955
16,card,30.86,Americano with Milk,Afternoon,Tue,Feb,2,2,11-02-2025,09:08.4,2956
16,card,21.06,Espresso,Afternoon,Tue,Feb,2,2,11-02-2025,49:41.0,2957
17,card,35.76,Latte,Night,Tue,Feb,2,2,11-02-2025,35:34.9,2958
17,card,30.86,Americano with Milk,Night,Tue,Feb,2,2,11-02-2025,36:42.2,2959
17,card,30.86,Americano with Milk,Night,Tue,Feb,2,2,11-02-2025,44:12.6,2960
17,card,25.96,Americano,Night,Tue,Feb,2,2,11-02-2025,50:40.4,2961
17,card,30.86,Americano with Milk,Night,Tue,Feb,2,2,11-02-2025,54:37.8,2962
19,card,35.76,Latte,Night,Tue,Feb,2,2,11-02-2025,04:11.0,2963
19,card,35.76,Cocoa,Night,Tue,Feb,2,2,11-02-2025,05:03.8,2964
7,card,35.76,Cappuccino,Morning,Wed,Feb,3,2,12-02-2025,16:57.2,2965
7,card,25.96,Americano,Morning,Wed,Feb,3,2,12-02-2025,35:37.6,2966
8,card,35.76,Cocoa,Morning,Wed,Feb,3,2,12-02-2025,54:35.8,2967
9,card,30.86,Americano with Milk,Morning,Wed,Feb,3,2,12-02-2025,19:45.9,2968
10,card,25.96,Americano,Morning,Wed,Feb,3,2,12-02-2025,43:13.5,2969
12,card,25.96,Americano,Afternoon,Wed,Feb,3,2,12-02-2025,43:29.1,2970
13,card,25.96,Americano,Afternoon,Wed,Feb,3,2,12-02-2025,08:09.3,2971
13,card,35.76,Hot Chocolate,Afternoon,Wed,Feb,3,2,12-02-2025,41:39.7,2972
15,card,35.76,Hot Chocolate,Afternoon,Wed,Feb,3,2,12-02-2025,41:24.8,2973
15,card,35.76,Latte,Afternoon,Wed,Feb,3,2,12-02-2025,42:16.6,2974
15,card,35.76,Hot Chocolate,Afternoon,Wed,Feb,3,2,12-02-2025,43:34.5,2975
16,card,25.96,Americano,Afternoon,Wed,Feb,3,2,12-02-2025,12:58.4,2976
16,card,25.96,Americano,Afternoon,Wed,Feb,3,2,12-02-2025,26:08.5,2977
17,card,35.76,Cappuccino,Night,Wed,Feb,3,2,12-02-2025,05:32.0,2978
17,card,25.96,Americano,Night,Wed,Feb,3,2,12-02-2025,42:51.5,2979
20,card,35.76,Latte,Night,Wed,Feb,3,2,12-02-2025,05:40.7,2980
20,card,35.76,Cocoa,Night,Wed,Feb,3,2,12-02-2025,23:13.4,2981
21,card,35.76,Cappuccino,Night,Wed,Feb,3,2,12-02-2025,17:04.3,2982
7,card,30.86,Americano with Milk,Morning,Thu,Feb,4,2,13-02-2025,38:47.9,2983
8,card,25.96,Americano,Morning,Thu,Feb,4,2,13-02-2025,45:57.1,2984
9,card,21.06,Espresso,Morning,Thu,Feb,4,2,13-02-2025,17:21.0,2985
9,card,35.76,Cocoa,Morning,Thu,Feb,4,2,13-02-2025,36:05.1,2986
10,card,30.86,Americano with Milk,Morning,Thu,Feb,4,2,13-02-2025,29:32.7,2987
10,card,30.86,Americano with Milk,Morning,Thu,Feb,4,2,13-02-2025,59:27.0,2988
16,card,25.96,Americano,Afternoon,Thu,Feb,4,2,13-02-2025,30:39.2,2989
16,card,25.96,Americano,Afternoon,Thu,Feb,4,2,13-02-2025,31:33.7,2990
17,card,30.86,Americano with Milk,Night,Thu,Feb,4,2,13-02-2025,16:11.6,2991
17,card,30.86,Americano with Milk,Night,Thu,Feb,4,2,13-02-2025,17:20.2,2992
18,card,35.76,Latte,Night,Thu,Feb,4,2,13-02-2025,01:35.5,2993
18,card,35.76,Cappuccino,Night,Thu,Feb,4,2,13-02-2025,15:08.6,2994
19,card,35.76,Latte,Night,Thu,Feb,4,2,13-02-2025,06:30.4,2995
11,card,25.96,Americano,Morning,Fri,Feb,5,2,14-02-2025,38:55.7,2996
14,card,35.76,Hot Chocolate,Afternoon,Fri,Feb,5,2,14-02-2025,07:09.3,2997
14,card,25.96,Americano,Afternoon,Fri,Feb,5,2,14-02-2025,45:59.8,2998
14,card,21.06,Espresso,Afternoon,Fri,Feb,5,2,14-02-2025,46:45.1,2999
14,card,30.86,Americano with Milk,Afternoon,Fri,Feb,5,2,14-02-2025,58:12.2,3000
15,card,35.76,Cappuccino,Afternoon,Fri,Feb,5,2,14-02-2025,00:16.7,3001
15,card,35.76,Cappuccino,Afternoon,Fri,Feb,5,2,14-02-2025,36:40.9,3002
15,card,35.76,Latte,Afternoon,Fri,Feb,5,2,14-02-2025,38:47.5,3003
15,card,35.76,Hot Chocolate,Afternoon,Fri,Feb,5,2,14-02-2025,53:56.5,3004
15,card,35.76,Cappuccino,Afternoon,Fri,Feb,5,2,14-02-2025,54:57.2,3005
17,card,25.96,Americano,Night,Fri,Feb,5,2,14-02-2025,03:16.1,3006
17,card,35.76,Cocoa,Night,Fri,Feb,5,2,14-02-2025,04:29.5,3007
17,card,21.06,Espresso,Night,Fri,Feb,5,2,14-02-2025,09:07.6,3008
17,card,30.86,Americano with Milk,Night,Fri,Feb,5,2,14-02-2025,25:24.9,3009
21,card,25.96,Americano,Night,Fri,Feb,5,2,14-02-2025,18:30.0,3010
9,card,35.76,Cappuccino,Morning,Sat,Feb,6,2,15-02-2025,22:51.9,3011
12,card,35.76,Cappuccino,Afternoon,Sat,Feb,6,2,15-02-2025,41:53.8,3012
12,card,25.96,Americano,Afternoon,Sat,Feb,6,2,15-02-2025,44:26.6,3013
13,card,30.86,Americano with Milk,Afternoon,Sat,Feb,6,2,15-02-2025,02:19.9,3014
13,card,30.86,Americano with Milk,Afternoon,Sat,Feb,6,2,15-02-2025,32:05.7,3015
14,card,35.76,Cappuccino,Afternoon,Sat,Feb,6,2,15-02-2025,01:51.2,3016
14,card,25.96,Americano,Afternoon,Sat,Feb,6,2,15-02-2025,11:53.9,3017
15,card,35.76,Hot Chocolate,Afternoon,Sat,Feb,6,2,15-02-2025,40:07.7,3018
15,card,35.76,Hot Chocolate,Afternoon,Sat,Feb,6,2,15-02-2025,40:59.4,3019
10,card,25.96,Americano,Morning,Sun,Feb,7,2,16-02-2025,46:43.2,3020
10,card,25.96,Americano,Morning,Sun,Feb,7,2,16-02-2025,50:00.6,3021
10,card,30.86,Americano with Milk,Morning,Sun,Feb,7,2,16-02-2025,51:04.0,3022
11,card,35.76,Hot Chocolate,Morning,Sun,Feb,7,2,16-02-2025,04:47.9,3023
11,card,25.96,Americano,Morning,Sun,Feb,7,2,16-02-2025,32:29.1,3024
14,card,35.76,Hot Chocolate,Afternoon,Sun,Feb,7,2,16-02-2025,15:37.0,3025
14,card,35.76,Latte,Afternoon,Sun,Feb,7,2,16-02-2025,16:41.1,3026
17,card,35.76,Hot Chocolate,Night,Sun,Feb,7,2,16-02-2025,12:27.4,3027
17,card,30.86,Americano with Milk,Night,Sun,Feb,7,2,16-02-2025,13:33.0,3028
17,card,30.86,Americano with Milk,Night,Sun,Feb,7,2,16-02-2025,44:32.8,3029
6,card,35.76,Cappuccino,Morning,Mon,Feb,1,2,17-02-2025,50:04.5,3030
8,card,25.96,Americano,Morning,Mon,Feb,1,2,17-02-2025,53:13.8,3031
9,card,25.96,Americano,Morning,Mon,Feb,1,2,17-02-2025,00:55.1,3032
9,card,30.86,Americano with Milk,Morning,Mon,Feb,1,2,17-02-2025,28:06.6,3033
9,card,35.76,Hot Chocolate,Morning,Mon,Feb,1,2,17-02-2025,56:59.2,3034
10,card,30.86,Americano with Milk,Morning,Mon,Feb,1,2,17-02-2025,20:12.1,3035
10,card,25.96,Americano,Morning,Mon,Feb,1,2,17-02-2025,44:48.0,3036
11,card,30.86,Americano with Milk,Morning,Mon,Feb,1,2,17-02-2025,53:58.6,3037
11,card,21.06,Espresso,Morning,Mon,Feb,1,2,17-02-2025,55:02.2,3038
12,card,35.76,Cappuccino,Afternoon,Mon,Feb,1,2,17-02-2025,48:58.3,3039
14,card,35.76,Latte,Afternoon,Mon,Feb,1,2,17-02-2025,23:01.9,3040
15,card,30.86,Americano with Milk,Afternoon,Mon,Feb,1,2,17-02-2025,05:41.7,3041
15,card,35.76,Latte,Afternoon,Mon,Feb,1,2,17-02-2025,33:19.6,3042
16,card,21.06,Espresso,Afternoon,Mon,Feb,1,2,17-02-2025,19:06.4,3043
16,card,25.96,Americano,Afternoon,Mon,Feb,1,2,17-02-2025,22:42.0,3044
17,card,30.86,Americano with Milk,Night,Mon,Feb,1,2,17-02-2025,31:14.1,3045
18,card,25.96,Americano,Night,Mon,Feb,1,2,17-02-2025,23:52.6,3046
19,card,25.96,Americano,Night,Mon,Feb,1,2,17-02-2025,13:51.8,3047
19,card,25.96,Americano,Night,Mon,Feb,1,2,17-02-2025,15:00.9,3048
20,card,35.76,Latte,Night,Mon,Feb,1,2,17-02-2025,18:17.5,3049
8,card,25.96,Americano,Morning,Tue,Feb,2,2,18-02-2025,53:08.7,3050
8,card,25.96,Americano,Morning,Tue,Feb,2,2,18-02-2025,54:14.5,3051
11,card,25.96,Americano,Morning,Tue,Feb,2,2,18-02-2025,07:35.3,3052
11,card,25.96,Americano,Morning,Tue,Feb,2,2,18-02-2025,30:06.2,3053
11,card,30.86,Americano with Milk,Morning,Tue,Feb,2,2,18-02-2025,38:23.5,3054
12,card,30.86,Americano with Milk,Afternoon,Tue,Feb,2,2,18-02-2025,15:26.6,3055
13,card,35.76,Cocoa,Afternoon,Tue,Feb,2,2,18-02-2025,04:27.2,3056
13,card,25.96,Americano,Afternoon,Tue,Feb,2,2,18-02-2025,25:45.1,3057
13,card,30.86,Americano with Milk,Afternoon,Tue,Feb,2,2,18-02-2025,27:05.3,3058
17,card,35.76,Hot Chocolate,Night,Tue,Feb,2,2,18-02-2025,05:28.0,3059
17,card,30.86,Americano with Milk,Night,Tue,Feb,2,2,18-02-2025,08:19.3,3060
17,card,21.06,Espresso,Night,Tue,Feb,2,2,18-02-2025,09:17.3,3061
17,card,35.76,Cocoa,Night,Tue,Feb,2,2,18-02-2025,10:22.9,3062
17,card,35.76,Cocoa,Night,Tue,Feb,2,2,18-02-2025,11:35.7,3063
19,card,35.76,Cocoa,Night,Tue,Feb,2,2,18-02-2025,36:27.3,3064
20,card,35.76,Cocoa,Night,Tue,Feb,2,2,18-02-2025,06:56.2,3065
20,card,35.76,Hot Chocolate,Night,Tue,Feb,2,2,18-02-2025,58:12.6,3066
21,card,30.86,Americano with Milk,Night,Tue,Feb,2,2,18-02-2025,01:59.6,3067
8,card,35.76,Cappuccino,Morning,Wed,Feb,3,2,19-02-2025,08:53.0,3068
8,card,25.96,Americano,Morning,Wed,Feb,3,2,19-02-2025,09:54.1,3069
8,card,25.96,Americano,Morning,Wed,Feb,3,2,19-02-2025,47:32.8,3070
9,card,35.76,Cappuccino,Morning,Wed,Feb,3,2,19-02-2025,24:32.0,3071
10,card,25.96,Americano,Morning,Wed,Feb,3,2,19-02-2025,09:51.0,3072
10,card,35.76,Hot Chocolate,Morning,Wed,Feb,3,2,19-02-2025,19:01.3,3073
10,card,30.86,Americano with Milk,Morning,Wed,Feb,3,2,19-02-2025,40:51.6,3074
12,card,25.96,Americano,Afternoon,Wed,Feb,3,2,19-02-2025,45:06.1,3075
12,card,35.76,Cocoa,Afternoon,Wed,Feb,3,2,19-02-2025,46:04.0,3076
13,card,25.96,Americano,Afternoon,Wed,Feb,3,2,19-02-2025,06:54.4,3077
15,card,35.76,Cappuccino,Afternoon,Wed,Feb,3,2,19-02-2025,50:42.8,3078
17,card,25.96,Americano,Night,Wed,Feb,3,2,19-02-2025,04:00.3,3079
17,card,35.76,Cappuccino,Night,Wed,Feb,3,2,19-02-2025,34:49.1,3080
17,card,30.86,Americano with Milk,Night,Wed,Feb,3,2,19-02-2025,57:52.0,3081
18,card,35.76,Cappuccino,Night,Wed,Feb,3,2,19-02-2025,35:38.8,3082
19,card,35.76,Latte,Night,Wed,Feb,3,2,19-02-2025,01:33.1,3083
19,card,35.76,Cocoa,Night,Wed,Feb,3,2,19-02-2025,11:50.0,3084
19,card,35.76,Hot Chocolate,Night,Wed,Feb,3,2,19-02-2025,12:42.8,3085
19,card,35.76,Latte,Night,Wed,Feb,3,2,19-02-2025,26:23.0,3086
20,card,35.76,Cocoa,Night,Wed,Feb,3,2,19-02-2025,05:28.4,3087
7,card,35.76,Cappuccino,Morning,Thu,Feb,4,2,20-02-2025,56:24.6,3088
9,card,25.96,Americano,Morning,Thu,Feb,4,2,20-02-2025,17:53.3,3089
10,card,35.76,Cappuccino,Morning,Thu,Feb,4,2,20-02-2025,16:40.4,3090
10,card,25.96,Americano,Morning,Thu,Feb,4,2,20-02-2025,17:38.7,3091
10,card,25.96,Americano,Morning,Thu,Feb,4,2,20-02-2025,20:24.9,3092
10,card,25.96,Americano,Morning,Thu,Feb,4,2,20-02-2025,24:23.5,3093
13,card,30.86,Americano with Milk,Afternoon,Thu,Feb,4,2,20-02-2025,02:19.8,3094
14,card,35.76,Latte,Afternoon,Thu,Feb,4,2,20-02-2025,20:33.1,3095
14,card,25.96,Americano,Afternoon,Thu,Feb,4,2,20-02-2025,37:59.8,3096
14,card,25.96,Americano,Afternoon,Thu,Feb,4,2,20-02-2025,38:49.3,3097
15,card,21.06,Espresso,Afternoon,Thu,Feb,4,2,20-02-2025,19:45.6,3098
16,card,35.76,Cappuccino,Afternoon,Thu,Feb,4,2,20-02-2025,05:49.5,3099
16,card,35.76,Cappuccino,Afternoon,Thu,Feb,4,2,20-02-2025,59:06.6,3100
17,card,35.76,Hot Chocolate,Night,Thu,Feb,4,2,20-02-2025,00:36.9,3101
17,card,25.96,Americano,Night,Thu,Feb,4,2,20-02-2025,07:28.0,3102
18,card,25.96,Americano,Night,Thu,Feb,4,2,20-02-2025,57:34.6,3103
19,card,35.76,Hot Chocolate,Night,Thu,Feb,4,2,20-02-2025,01:51.3,3104
19,card,35.76,Cocoa,Night,Thu,Feb,4,2,20-02-2025,07:25.6,3105
20,card,35.76,Latte,Night,Thu,Feb,4,2,20-02-2025,07:03.6,3106
6,card,25.96,Americano,Morning,Fri,Feb,5,2,21-02-2025,59:08.4,3107
9,card,35.76,Latte,Morning,Fri,Feb,5,2,21-02-2025,41:29.6,3108
9,card,35.76,Cappuccino,Morning,Fri,Feb,5,2,21-02-2025,49:20.9,3109
9,card,21.06,Espresso,Morning,Fri,Feb,5,2,21-02-2025,51:12.6,3110
10,card,25.96,Americano,Morning,Fri,Feb,5,2,21-02-2025,18:11.0,3111
11,card,30.86,Americano with Milk,Morning,Fri,Feb,5,2,21-02-2025,10:07.5,3112
12,card,25.96,Americano,Afternoon,Fri,Feb,5,2,21-02-2025,04:49.2,3113
12,card,25.96,Americano,Afternoon,Fri,Feb,5,2,21-02-2025,07:42.8,3114
12,card,25.96,Americano,Afternoon,Fri,Feb,5,2,21-02-2025,56:18.0,3115
12,card,25.96,Americano,Afternoon,Fri,Feb,5,2,21-02-2025,57:02.9,3116
13,card,25.96,Americano,Afternoon,Fri,Feb,5,2,21-02-2025,06:42.9,3117
14,card,25.96,Americano,Afternoon,Fri,Feb,5,2,21-02-2025,17:54.8,3118
15,card,35.76,Cappuccino,Afternoon,Fri,Feb,5,2,21-02-2025,18:31.3,3119
15,card,25.96,Americano,Afternoon,Fri,Feb,5,2,21-02-2025,45:54.2,3120
15,card,25.96,Americano,Afternoon,Fri,Feb,5,2,21-02-2025,46:48.3,3121
15,card,25.96,Americano,Afternoon,Fri,Feb,5,2,21-02-2025,52:48.0,3122
16,card,35.76,Cocoa,Afternoon,Fri,Feb,5,2,21-02-2025,10:06.1,3123
16,card,35.76,Latte,Afternoon,Fri,Feb,5,2,21-02-2025,46:58.7,3124
16,card,35.76,Hot Chocolate,Afternoon,Fri,Feb,5,2,21-02-2025,48:58.5,3125
16,card,35.76,Latte,Afternoon,Fri,Feb,5,2,21-02-2025,50:13.4,3126
19,card,35.76,Cocoa,Night,Fri,Feb,5,2,21-02-2025,08:18.8,3127
19,card,35.76,Cocoa,Night,Fri,Feb,5,2,21-02-2025,09:09.6,3128
19,card,35.76,Cappuccino,Night,Fri,Feb,5,2,21-02-2025,59:24.1,3129
10,card,35.76,Hot Chocolate,Morning,Sat,Feb,6,2,22-02-2025,52:18.7,3130
11,card,25.96,Americano,Morning,Sat,Feb,6,2,22-02-2025,28:30.5,3131
11,card,25.96,Americano,Morning,Sat,Feb,6,2,22-02-2025,41:12.8,3132
12,card,21.06,Espresso,Afternoon,Sat,Feb,6,2,22-02-2025,59:41.9,3133
15,card,30.86,Americano with Milk,Afternoon,Sat,Feb,6,2,22-02-2025,03:03.3,3134
10,card,30.86,Americano with Milk,Morning,Sun,Feb,7,2,23-02-2025,33:11.5,3135
12,card,30.86,Americano with Milk,Afternoon,Sun,Feb,7,2,23-02-2025,52:26.4,3136
12,card,30.86,Americano with Milk,Afternoon,Sun,Feb,7,2,23-02-2025,54:06.2,3137
13,card,35.76,Cappuccino,Afternoon,Sun,Feb,7,2,23-02-2025,50:21.6,3138
14,card,35.76,Cocoa,Afternoon,Sun,Feb,7,2,23-02-2025,02:03.4,3139
17,card,25.96,Americano,Night,Sun,Feb,7,2,23-02-2025,27:44.9,3140
9,card,30.86,Americano with Milk,Morning,Mon,Feb,1,2,24-02-2025,14:53.6,3141
9,card,35.76,Latte,Morning,Mon,Feb,1,2,24-02-2025,45:10.7,3142
10,card,25.96,Americano,Morning,Mon,Feb,1,2,24-02-2025,02:48.5,3143
10,card,30.86,Americano with Milk,Morning,Mon,Feb,1,2,24-02-2025,09:12.5,3144
10,card,30.86,Americano with Milk,Morning,Mon,Feb,1,2,24-02-2025,10:21.7,3145
10,card,35.76,Cocoa,Morning,Mon,Feb,1,2,24-02-2025,47:47.7,3146
12,card,35.76,Latte,Afternoon,Mon,Feb,1,2,24-02-2025,58:41.3,3147
13,card,35.76,Cocoa,Afternoon,Mon,Feb,1,2,24-02-2025,00:01.3,3148
15,card,30.86,Americano with Milk,Afternoon,Mon,Feb,1,2,24-02-2025,40:01.8,3149
16,card,35.76,Cocoa,Afternoon,Mon,Feb,1,2,24-02-2025,00:06.3,3150
16,card,35.76,Cappuccino,Afternoon,Mon,Feb,1,2,24-02-2025,10:24.0,3151
16,card,35.76,Latte,Afternoon,Mon,Feb,1,2,24-02-2025,28:52.1,3152
16,card,25.96,Americano,Afternoon,Mon,Feb,1,2,24-02-2025,59:38.5,3153
17,card,25.96,Americano,Night,Mon,Feb,1,2,24-02-2025,00:44.9,3154
17,card,30.86,Americano with Milk,Night,Mon,Feb,1,2,24-02-2025,37:38.9,3155
18,card,30.86,Americano with Milk,Night,Mon,Feb,1,2,24-02-2025,07:01.7,3156
18,card,35.76,Latte,Night,Mon,Feb,1,2,24-02-2025,21:57.2,3157
19,card,30.86,Americano with Milk,Night,Mon,Feb,1,2,24-02-2025,04:34.4,3158
19,card,35.76,Hot Chocolate,Night,Mon,Feb,1,2,24-02-2025,24:10.8,3159
19,card,35.76,Latte,Night,Mon,Feb,1,2,24-02-2025,24:54.4,3160
19,card,35.76,Cocoa,Night,Mon,Feb,1,2,24-02-2025,26:14.8,3161
20,card,35.76,Cocoa,Night,Mon,Feb,1,2,24-02-2025,14:51.3,3162
8,card,30.86,Americano with Milk,Morning,Tue,Feb,2,2,25-02-2025,00:39.3,3163
8,card,25.96,Americano,Morning,Tue,Feb,2,2,25-02-2025,49:21.1,3164
8,card,30.86,Americano with Milk,Morning,Tue,Feb,2,2,25-02-2025,50:14.3,3165
10,card,21.06,Espresso,Morning,Tue,Feb,2,2,25-02-2025,02:44.9,3166
11,card,25.96,Americano,Morning,Tue,Feb,2,2,25-02-2025,03:33.9,3167
11,card,25.96,Americano,Morning,Tue,Feb,2,2,25-02-2025,04:26.9,3168
12,card,35.76,Cappuccino,Afternoon,Tue,Feb,2,2,25-02-2025,20:41.5,3169
14,card,35.76,Cappuccino,Afternoon,Tue,Feb,2,2,25-02-2025,14:18.5,3170
16,card,25.96,Americano,Afternoon,Tue,Feb,2,2,25-02-2025,49:37.4,3171
16,card,25.96,Americano,Afternoon,Tue,Feb,2,2,25-02-2025,50:35.8,3172
18,card,35.76,Cocoa,Night,Tue,Feb,2,2,25-02-2025,19:09.1,3173
19,card,35.76,Cappuccino,Night,Tue,Feb,2,2,25-02-2025,32:40.4,3174
8,card,25.96,Americano,Morning,Wed,Feb,3,2,26-02-2025,57:37.2,3175
10,card,30.86,Americano with Milk,Morning,Wed,Feb,3,2,26-02-2025,11:27.1,3176
10,card,30.86,Americano with Milk,Morning,Wed,Feb,3,2,26-02-2025,12:25.5,3177
10,card,35.76,Hot Chocolate,Morning,Wed,Feb,3,2,26-02-2025,16:57.1,3178
13,card,35.76,Cocoa,Afternoon,Wed,Feb,3,2,26-02-2025,13:26.9,3179
13,card,35.76,Latte,Afternoon,Wed,Feb,3,2,26-02-2025,31:23.6,3180
15,card,25.96,Americano,Afternoon,Wed,Feb,3,2,26-02-2025,01:58.6,3181
15,card,25.96,Americano,Afternoon,Wed,Feb,3,2,26-02-2025,14:48.0,3182
15,card,25.96,Cortado,Afternoon,Wed,Feb,3,2,26-02-2025,17:24.5,3183
15,card,35.76,Hot Chocolate,Afternoon,Wed,Feb,3,2,26-02-2025,20:02.8,3184
15,card,25.96,Americano,Afternoon,Wed,Feb,3,2,26-02-2025,20:48.8,3185
15,card,25.96,Americano,Afternoon,Wed,Feb,3,2,26-02-2025,28:45.3,3186
16,card,35.76,Latte,Afternoon,Wed,Feb,3,2,26-02-2025,20:46.8,3187
16,card,35.76,Hot Chocolate,Afternoon,Wed,Feb,3,2,26-02-2025,55:13.6,3188
16,card,35.76,Latte,Afternoon,Wed,Feb,3,2,26-02-2025,55:59.6,3189
17,card,30.86,Americano with Milk,Night,Wed,Feb,3,2,26-02-2025,22:44.6,3190
18,card,35.76,Latte,Night,Wed,Feb,3,2,26-02-2025,11:24.1,3191
18,card,35.76,Cappuccino,Night,Wed,Feb,3,2,26-02-2025,13:50.4,3192
7,card,35.76,Cappuccino,Morning,Thu,Feb,4,2,27-02-2025,19:00.3,3193
7,card,35.76,Cappuccino,Morning,Thu,Feb,4,2,27-02-2025,21:00.6,3194
10,card,21.06,Espresso,Morning,Thu,Feb,4,2,27-02-2025,52:29.2,3195
11,card,35.76,Cocoa,Morning,Thu,Feb,4,2,27-02-2025,08:16.9,3196
12,card,35.76,Cocoa,Afternoon,Thu,Feb,4,2,27-02-2025,48:15.9,3197
13,card,30.86,Americano with Milk,Afternoon,Thu,Feb,4,2,27-02-2025,29:48.4,3198
14,card,25.96,Americano,Afternoon,Thu,Feb,4,2,27-02-2025,23:16.5,3199
14,card,35.76,Latte,Afternoon,Thu,Feb,4,2,27-02-2025,43:19.3,3200
15,card,25.96,Americano,Afternoon,Thu,Feb,4,2,27-02-2025,47:50.7,3201
16,card,25.96,Americano,Afternoon,Thu,Feb,4,2,27-02-2025,28:28.1,3202
17,card,25.96,Americano,Night,Thu,Feb,4,2,27-02-2025,12:56.0,3203
17,card,25.96,Americano,Night,Thu,Feb,4,2,27-02-2025,23:10.0,3204
17,card,35.76,Latte,Night,Thu,Feb,4,2,27-02-2025,53:13.1,3205
18,card,35.76,Latte,Night,Thu,Feb,4,2,27-02-2025,17:29.0,3206
18,card,35.76,Cappuccino,Night,Thu,Feb,4,2,27-02-2025,38:40.9,3207
18,card,35.76,Cocoa,Night,Thu,Feb,4,2,27-02-2025,40:01.8,3208
18,card,35.76,Cocoa,Night,Thu,Feb,4,2,27-02-2025,40:52.0,3209
19,card,35.76,Latte,Night,Thu,Feb,4,2,27-02-2025,14:15.6,3210
20,card,35.76,Cappuccino,Night,Thu,Feb,4,2,27-02-2025,02:07.2,3211
6,card,30.86,Americano with Milk,Morning,Fri,Feb,5,2,28-02-2025,52:45.6,3212
6,card,30.86,Americano with Milk,Morning,Fri,Feb,5,2,28-02-2025,55:00.0,3213
7,card,35.76,Cappuccino,Morning,Fri,Feb,5,2,28-02-2025,18:36.9,3214
8,card,21.06,Espresso,Morning,Fri,Feb,5,2,28-02-2025,09:57.8,3215
9,card,30.86,Americano with Milk,Morning,Fri,Feb,5,2,28-02-2025,02:38.1,3216
14,card,25.96,Americano,Afternoon,Fri,Feb,5,2,28-02-2025,44:28.1,3217
14,card,25.96,Americano,Afternoon,Fri,Feb,5,2,28-02-2025,45:22.0,3218
14,card,25.96,Americano,Afternoon,Fri,Feb,5,2,28-02-2025,47:52.3,3219
14,card,35.76,Latte,Afternoon,Fri,Feb,5,2,28-02-2025,52:02.2,3220
15,card,25.96,Americano,Afternoon,Fri,Feb,5,2,28-02-2025,19:18.7,3221
16,card,35.76,Cocoa,Afternoon,Fri,Feb,5,2,28-02-2025,22:27.4,3222
16,card,25.96,Americano,Afternoon,Fri,Feb,5,2,28-02-2025,30:06.7,3223
17,card,35.76,Latte,Night,Fri,Feb,5,2,28-02-2025,21:00.9,3224
17,card,30.86,Americano with Milk,Night,Fri,Feb,5,2,28-02-2025,31:04.3,3225
17,card,25.96,Americano,Night,Fri,Feb,5,2,28-02-2025,32:16.6,3226
17,card,25.96,Americano,Night,Fri,Feb,5,2,28-02-2025,33:49.1,3227
18,card,35.76,Latte,Night,Fri,Feb,5,2,28-02-2025,53:49.5,3228
10,card,35.76,Cappuccino,Morning,Sat,Mar,6,3,01-03-2025,31:45.7,3229
11,card,25.96,Americano,Morning,Sat,Mar,6,3,01-03-2025,24:04.5,3230
11,card,25.96,Americano,Morning,Sat,Mar,6,3,01-03-2025,27:58.4,3231
14,card,35.76,Latte,Afternoon,Sat,Mar,6,3,01-03-2025,43:23.8,3232
15,card,25.96,Americano,Afternoon,Sat,Mar,6,3,01-03-2025,02:31.5,3233
15,card,30.86,Americano with Milk,Afternoon,Sat,Mar,6,3,01-03-2025,08:20.2,3234
16,card,35.76,Cappuccino,Afternoon,Sat,Mar,6,3,01-03-2025,42:13.0,3235
17,card,25.96,Americano,Night,Sat,Mar,6,3,01-03-2025,08:33.5,3236
9,card,35.76,Cocoa,Morning,Sun,Mar,7,3,02-03-2025,58:15.3,3237
12,card,35.76,Latte,Afternoon,Sun,Mar,7,3,02-03-2025,17:36.4,3238
13,card,30.86,Americano with Milk,Afternoon,Sun,Mar,7,3,02-03-2025,36:19.5,3239
15,card,30.86,Americano with Milk,Afternoon,Sun,Mar,7,3,02-03-2025,22:17.5,3240
15,card,25.96,Americano,Afternoon,Sun,Mar,7,3,02-03-2025,23:15.7,3241
15,card,25.96,Americano,Afternoon,Sun,Mar,7,3,02-03-2025,24:45.2,3242
8,card,35.76,Cappuccino,Morning,Mon,Mar,1,3,03-03-2025,24:01.9,3243
9,card,35.76,Cocoa,Morning,Mon,Mar,1,3,03-03-2025,46:52.0,3244
9,card,35.76,Latte,Morning,Mon,Mar,1,3,03-03-2025,48:39.3,3245
10,card,35.76,Hot Chocolate,Morning,Mon,Mar,1,3,03-03-2025,21:24.6,3246
10,card,35.76,Hot Chocolate,Morning,Mon,Mar,1,3,03-03-2025,24:46.7,3247
12,card,35.76,Cappuccino,Afternoon,Mon,Mar,1,3,03-03-2025,58:08.1,3248
15,card,35.76,Latte,Afternoon,Mon,Mar,1,3,03-03-2025,11:01.2,3249
15,card,25.96,Americano,Afternoon,Mon,Mar,1,3,03-03-2025,47:58.8,3250
16,card,35.76,Cocoa,Afternoon,Mon,Mar,1,3,03-03-2025,14:50.5,3251
16,card,35.76,Latte,Afternoon,Mon,Mar,1,3,03-03-2025,16:35.2,3252
16,card,35.76,Latte,Afternoon,Mon,Mar,1,3,03-03-2025,18:27.1,3253
16,card,35.76,Cappuccino,Afternoon,Mon,Mar,1,3,03-03-2025,40:29.3,3254
16,card,35.76,Cappuccino,Afternoon,Mon,Mar,1,3,03-03-2025,42:22.6,3255
16,card,25.96,Americano,Afternoon,Mon,Mar,1,3,03-03-2025,52:11.6,3256
17,card,30.86,Americano with Milk,Night,Mon,Mar,1,3,03-03-2025,28:42.8,3257
17,card,25.96,Americano,Night,Mon,Mar,1,3,03-03-2025,31:22.4,3258
17,card,35.76,Hot Chocolate,Night,Mon,Mar,1,3,03-03-2025,32:18.4,3259
17,card,25.96,Americano,Night,Mon,Mar,1,3,03-03-2025,32:58.8,3260
17,card,35.76,Hot Chocolate,Night,Mon,Mar,1,3,03-03-2025,57:32.7,3261
17,card,35.76,Hot Chocolate,Night,Mon,Mar,1,3,03-03-2025,58:27.3,3262
18,card,30.86,Americano with Milk,Night,Mon,Mar,1,3,03-03-2025,03:05.0,3263
18,card,35.76,Latte,Night,Mon,Mar,1,3,03-03-2025,46:52.6,3264
7,card,35.76,Cappuccino,Morning,Tue,Mar,2,3,04-03-2025,19:21.9,3265
7,card,25.96,Americano,Morning,Tue,Mar,2,3,04-03-2025,31:55.4,3266
8,card,30.86,Americano with Milk,Morning,Tue,Mar,2,3,04-03-2025,51:45.3,3267
9,card,25.96,Americano,Morning,Tue,Mar,2,3,04-03-2025,09:31.9,3268
9,card,25.96,Americano,Morning,Tue,Mar,2,3,04-03-2025,10:22.2,3269
9,card,25.96,Americano,Morning,Tue,Mar,2,3,04-03-2025,58:37.2,3270
11,card,30.86,Americano with Milk,Morning,Tue,Mar,2,3,04-03-2025,04:02.0,3271
11,card,25.96,Americano,Morning,Tue,Mar,2,3,04-03-2025,05:07.0,3272
11,card,25.96,Americano,Morning,Tue,Mar,2,3,04-03-2025,46:41.1,3273
11,card,25.96,Americano,Morning,Tue,Mar,2,3,04-03-2025,47:24.5,3274
11,card,25.96,Americano,Morning,Tue,Mar,2,3,04-03-2025,51:34.8,3275
12,card,35.76,Cocoa,Afternoon,Tue,Mar,2,3,04-03-2025,25:59.2,3276
16,card,25.96,Americano,Afternoon,Tue,Mar,2,3,04-03-2025,48:58.4,3277
18,card,35.76,Cocoa,Night,Tue,Mar,2,3,04-03-2025,43:21.9,3278
19,card,35.76,Latte,Night,Tue,Mar,2,3,04-03-2025,10:09.5,3279
20,card,35.76,Latte,Night,Tue,Mar,2,3,04-03-2025,09:00.6,3280
8,card,30.86,Americano with Milk,Morning,Wed,Mar,3,3,05-03-2025,39:51.6,3281
9,card,25.96,Americano,Morning,Wed,Mar,3,3,05-03-2025,38:24.3,3282
10,card,25.96,Americano,Morning,Wed,Mar,3,3,05-03-2025,01:14.3,3283
10,card,25.96,Americano,Morning,Wed,Mar,3,3,05-03-2025,02:04.3,3284
10,card,35.76,Cappuccino,Morning,Wed,Mar,3,3,05-03-2025,10:50.5,3285
10,card,30.86,Americano with Milk,Morning,Wed,Mar,3,3,05-03-2025,40:34.8,3286
11,card,35.76,Cappuccino,Morning,Wed,Mar,3,3,05-03-2025,08:31.6,3287
11,card,35.76,Cocoa,Morning,Wed,Mar,3,3,05-03-2025,10:54.2,3288
11,card,25.96,Americano,Morning,Wed,Mar,3,3,05-03-2025,38:51.2,3289
11,card,25.96,Americano,Morning,Wed,Mar,3,3,05-03-2025,41:22.4,3290
12,card,25.96,Americano,Afternoon,Wed,Mar,3,3,05-03-2025,12:56.3,3291
15,card,35.76,Latte,Afternoon,Wed,Mar,3,3,05-03-2025,07:50.6,3292
15,card,35.76,Latte,Afternoon,Wed,Mar,3,3,05-03-2025,21:35.8,3293
15,card,35.76,Hot Chocolate,Afternoon,Wed,Mar,3,3,05-03-2025,25:11.4,3294
17,card,30.86,Americano with Milk,Night,Wed,Mar,3,3,05-03-2025,09:57.0,3295
17,card,21.06,Espresso,Night,Wed,Mar,3,3,05-03-2025,16:23.6,3296
17,card,35.76,Latte,Night,Wed,Mar,3,3,05-03-2025,31:40.9,3297
18,card,35.76,Cappuccino,Night,Wed,Mar,3,3,05-03-2025,13:27.0,3298
19,card,35.76,Cocoa,Night,Wed,Mar,3,3,05-03-2025,02:56.8,3299
9,card,35.76,Hot Chocolate,Morning,Thu,Mar,4,3,06-03-2025,33:39.3,3300
9,card,21.06,Espresso,Morning,Thu,Mar,4,3,06-03-2025,35:52.9,3301
10,card,30.86,Americano with Milk,Morning,Thu,Mar,4,3,06-03-2025,48:04.9,3302
10,card,25.96,Americano,Morning,Thu,Mar,4,3,06-03-2025,56:47.4,3303
10,card,25.96,Americano,Morning,Thu,Mar,4,3,06-03-2025,57:35.0,3304
11,card,25.96,Americano,Morning,Thu,Mar,4,3,06-03-2025,05:43.6,3305
11,card,35.76,Cappuccino,Morning,Thu,Mar,4,3,06-03-2025,17:38.0,3306
13,card,35.76,Latte,Afternoon,Thu,Mar,4,3,06-03-2025,51:33.1,3307
16,card,30.86,Americano with Milk,Afternoon,Thu,Mar,4,3,06-03-2025,06:47.3,3308
17,card,35.76,Cocoa,Night,Thu,Mar,4,3,06-03-2025,49:11.2,3309
18,card,35.76,Cappuccino,Night,Thu,Mar,4,3,06-03-2025,27:11.7,3310
19,card,30.86,Americano with Milk,Night,Thu,Mar,4,3,06-03-2025,22:10.7,3311
7,card,35.76,Cappuccino,Morning,Fri,Mar,5,3,07-03-2025,05:42.3,3312
8,card,25.96,Americano,Morning,Fri,Mar,5,3,07-03-2025,45:10.9,3313
8,card,25.96,Americano,Morning,Fri,Mar,5,3,07-03-2025,46:03.8,3314
9,card,25.96,Americano,Morning,Fri,Mar,5,3,07-03-2025,02:40.8,3315
10,card,35.76,Hot Chocolate,Morning,Fri,Mar,5,3,07-03-2025,09:57.9,3316
10,card,30.86,Americano with Milk,Morning,Fri,Mar,5,3,07-03-2025,26:34.9,3317
10,card,30.86,Americano with Milk,Morning,Fri,Mar,5,3,07-03-2025,27:32.5,3318
10,card,35.76,Cocoa,Morning,Fri,Mar,5,3,07-03-2025,41:45.8,3319
11,card,35.76,Cocoa,Morning,Fri,Mar,5,3,07-03-2025,50:59.5,3320
12,card,30.86,Americano with Milk,Afternoon,Fri,Mar,5,3,07-03-2025,03:46.2,3321
13,card,35.76,Hot Chocolate,Afternoon,Fri,Mar,5,3,07-03-2025,43:48.4,3322
13,card,25.96,Americano,Afternoon,Fri,Mar,5,3,07-03-2025,55:31.6,3323
14,card,35.76,Cappuccino,Afternoon,Fri,Mar,5,3,07-03-2025,53:30.2,3324
15,card,35.76,Latte,Afternoon,Fri,Mar,5,3,07-03-2025,09:04.3,3325
15,card,35.76,Latte,Afternoon,Fri,Mar,5,3,07-03-2025,52:53.0,3326
17,card,35.76,Latte,Night,Fri,Mar,5,3,07-03-2025,10:29.3,3327
17,card,35.76,Hot Chocolate,Night,Fri,Mar,5,3,07-03-2025,12:23.6,3328
9,card,30.86,Americano with Milk,Morning,Sat,Mar,6,3,08-03-2025,23:44.5,3329
9,card,30.86,Americano with Milk,Morning,Sat,Mar,6,3,08-03-2025,41:52.9,3330
10,card,25.96,Americano,Morning,Sat,Mar,6,3,08-03-2025,54:13.6,3331
11,card,25.96,Americano,Morning,Sat,Mar,6,3,08-03-2025,19:45.6,3332
11,card,25.96,Americano,Morning,Sat,Mar,6,3,08-03-2025,20:32.4,3333
12,card,30.86,Americano with Milk,Afternoon,Sat,Mar,6,3,08-03-2025,41:19.8,3334
12,card,25.96,Americano,Afternoon,Sat,Mar,6,3,08-03-2025,45:05.3,3335
13,card,35.76,Cappuccino,Afternoon,Sat,Mar,6,3,08-03-2025,40:06.1,3336
9,card,21.06,Espresso,Morning,Sun,Mar,7,3,09-03-2025,42:03.9,3337
11,card,30.86,Americano with Milk,Morning,Sun,Mar,7,3,09-03-2025,25:53.2,3338
13,card,35.76,Cappuccino,Afternoon,Sun,Mar,7,3,09-03-2025,51:56.3,3339
14,card,25.96,Americano,Afternoon,Sun,Mar,7,3,09-03-2025,18:30.1,3340
15,card,35.76,Cappuccino,Afternoon,Sun,Mar,7,3,09-03-2025,12:41.4,3341
15,card,25.96,Americano,Afternoon,Sun,Mar,7,3,09-03-2025,39:07.1,3342
15,card,30.86,Americano with Milk,Afternoon,Sun,Mar,7,3,09-03-2025,52:39.3,3343
15,card,35.76,Cocoa,Afternoon,Sun,Mar,7,3,09-03-2025,53:40.4,3344
8,card,25.96,Americano,Morning,Mon,Mar,1,3,10-03-2025,34:43.5,3345
8,card,35.76,Latte,Morning,Mon,Mar,1,3,10-03-2025,35:40.5,3346
9,card,30.86,Americano with Milk,Morning,Mon,Mar,1,3,10-03-2025,06:27.6,3347
9,card,35.76,Hot Chocolate,Morning,Mon,Mar,1,3,10-03-2025,19:28.9,3348
9,card,35.76,Cocoa,Morning,Mon,Mar,1,3,10-03-2025,50:54.1,3349
10,card,35.76,Hot Chocolate,Morning,Mon,Mar,1,3,10-03-2025,18:57.1,3350
12,card,25.96,Americano,Afternoon,Mon,Mar,1,3,10-03-2025,36:14.8,3351
15,card,25.96,Americano,Afternoon,Mon,Mar,1,3,10-03-2025,32:09.5,3352
15,card,35.76,Hot Chocolate,Afternoon,Mon,Mar,1,3,10-03-2025,41:57.9,3353
16,card,35.76,Latte,Afternoon,Mon,Mar,1,3,10-03-2025,18:00.6,3354
16,card,35.76,Latte,Afternoon,Mon,Mar,1,3,10-03-2025,18:54.2,3355
16,card,35.76,Cappuccino,Afternoon,Mon,Mar,1,3,10-03-2025,24:25.4,3356
16,card,30.86,Americano with Milk,Afternoon,Mon,Mar,1,3,10-03-2025,25:32.5,3357
18,card,25.96,Americano,Night,Mon,Mar,1,3,10-03-2025,15:54.2,3358
18,card,35.76,Latte,Night,Mon,Mar,1,3,10-03-2025,48:30.2,3359
18,card,35.76,Latte,Night,Mon,Mar,1,3,10-03-2025,49:22.3,3360
19,card,30.86,Americano with Milk,Night,Mon,Mar,1,3,10-03-2025,26:42.9,3361
8,card,25.96,Americano,Morning,Tue,Mar,2,3,11-03-2025,46:25.6,3362
9,card,35.76,Cappuccino,Morning,Tue,Mar,2,3,11-03-2025,12:27.7,3363
9,card,35.76,Latte,Morning,Tue,Mar,2,3,11-03-2025,27:04.4,3364
10,card,25.96,Americano,Morning,Tue,Mar,2,3,11-03-2025,26:57.8,3365
12,card,25.96,Americano,Afternoon,Tue,Mar,2,3,11-03-2025,33:20.4,3366
13,card,25.96,Americano,Afternoon,Tue,Mar,2,3,11-03-2025,16:54.7,3367
16,card,35.76,Hot Chocolate,Afternoon,Tue,Mar,2,3,11-03-2025,29:31.1,3368
16,card,35.76,Cocoa,Afternoon,Tue,Mar,2,3,11-03-2025,30:16.1,3369
16,card,35.76,Hot Chocolate,Afternoon,Tue,Mar,2,3,11-03-2025,49:40.8,3370
17,card,35.76,Cappuccino,Night,Tue,Mar,2,3,11-03-2025,46:50.2,3371
18,card,30.86,Americano with Milk,Night,Tue,Mar,2,3,11-03-2025,56:52.1,3372
19,card,35.76,Latte,Night,Tue,Mar,2,3,11-03-2025,07:14.4,3373
20,card,35.76,Cocoa,Night,Tue,Mar,2,3,11-03-2025,08:56.3,3374
11,card,35.76,Cocoa,Morning,Wed,Mar,3,3,12-03-2025,11:39.4,3375
11,card,30.86,Americano with Milk,Morning,Wed,Mar,3,3,12-03-2025,47:34.3,3376
11,card,35.76,Cappuccino,Morning,Wed,Mar,3,3,12-03-2025,50:15.4,3377
11,card,25.96,Americano,Morning,Wed,Mar,3,3,12-03-2025,55:55.9,3378
11,card,25.96,Americano,Morning,Wed,Mar,3,3,12-03-2025,56:48.9,3379
12,card,25.96,Americano,Afternoon,Wed,Mar,3,3,12-03-2025,06:11.1,3380
12,card,35.76,Hot Chocolate,Afternoon,Wed,Mar,3,3,12-03-2025,55:38.4,3381
13,card,35.76,Latte,Afternoon,Wed,Mar,3,3,12-03-2025,01:49.3,3382
13,card,35.76,Latte,Afternoon,Wed,Mar,3,3,12-03-2025,56:23.6,3383
16,card,35.76,Cappuccino,Afternoon,Wed,Mar,3,3,12-03-2025,27:37.2,3384
16,card,35.76,Latte,Afternoon,Wed,Mar,3,3,12-03-2025,35:04.0,3385
16,card,35.76,Latte,Afternoon,Wed,Mar,3,3,12-03-2025,36:00.7,3386
18,card,25.96,Americano,Night,Wed,Mar,3,3,12-03-2025,10:34.2,3387
18,card,35.76,Cocoa,Night,Wed,Mar,3,3,12-03-2025,17:17.8,3388
18,card,25.96,Americano,Night,Wed,Mar,3,3,12-03-2025,24:40.5,3389
18,card,35.76,Cappuccino,Night,Wed,Mar,3,3,12-03-2025,38:56.6,3390
18,card,25.96,Americano,Night,Wed,Mar,3,3,12-03-2025,42:13.7,3391
7,card,35.76,Cappuccino,Morning,Thu,Mar,4,3,13-03-2025,01:36.4,3392
8,card,30.86,Americano with Milk,Morning,Thu,Mar,4,3,13-03-2025,23:17.5,3393
9,card,30.86,Americano with Milk,Morning,Thu,Mar,4,3,13-03-2025,04:47.3,3394
9,card,35.76,Latte,Morning,Thu,Mar,4,3,13-03-2025,20:09.5,3395
9,card,21.06,Espresso,Morning,Thu,Mar,4,3,13-03-2025,22:04.6,3396
9,card,25.96,Americano,Morning,Thu,Mar,4,3,13-03-2025,38:19.6,3397
9,card,30.86,Americano with Milk,Morning,Thu,Mar,4,3,13-03-2025,39:14.6,3398
11,card,25.96,Americano,Morning,Thu,Mar,4,3,13-03-2025,18:02.3,3399
12,card,35.76,Latte,Afternoon,Thu,Mar,4,3,13-03-2025,13:37.4,3400
14,card,30.86,Americano with Milk,Afternoon,Thu,Mar,4,3,13-03-2025,53:50.0,3401
14,card,25.96,Americano,Afternoon,Thu,Mar,4,3,13-03-2025,55:31.6,3402
18,card,35.76,Cappuccino,Night,Thu,Mar,4,3,13-03-2025,47:43.6,3403
7,card,25.96,Americano,Morning,Fri,Mar,5,3,14-03-2025,55:06.0,3404
8,card,30.86,Americano with Milk,Morning,Fri,Mar,5,3,14-03-2025,13:40.2,3405
8,card,25.96,Americano,Morning,Fri,Mar,5,3,14-03-2025,59:26.8,3406
9,card,35.76,Latte,Morning,Fri,Mar,5,3,14-03-2025,00:29.9,3407
9,card,21.06,Espresso,Morning,Fri,Mar,5,3,14-03-2025,26:07.9,3408
9,card,25.96,Americano,Morning,Fri,Mar,5,3,14-03-2025,28:37.2,3409
10,card,25.96,Americano,Morning,Fri,Mar,5,3,14-03-2025,20:51.3,3410
10,card,35.76,Latte,Morning,Fri,Mar,5,3,14-03-2025,48:22.8,3411
10,card,35.76,Cappuccino,Morning,Fri,Mar,5,3,14-03-2025,49:27.8,3412
14,card,25.96,Americano,Afternoon,Fri,Mar,5,3,14-03-2025,35:17.3,3413
14,card,35.76,Latte,Afternoon,Fri,Mar,5,3,14-03-2025,36:21.8,3414
15,card,35.76,Latte,Afternoon,Fri,Mar,5,3,14-03-2025,54:21.0,3415
15,card,35.76,Latte,Afternoon,Fri,Mar,5,3,14-03-2025,55:40.8,3416
16,card,25.96,Americano,Afternoon,Fri,Mar,5,3,14-03-2025,27:04.0,3417
16,card,35.76,Cocoa,Afternoon,Fri,Mar,5,3,14-03-2025,31:00.2,3418
16,card,35.76,Cocoa,Afternoon,Fri,Mar,5,3,14-03-2025,31:55.1,3419
16,card,35.76,Cocoa,Afternoon,Fri,Mar,5,3,14-03-2025,32:40.2,3420
17,card,25.96,Americano,Night,Fri,Mar,5,3,14-03-2025,05:24.1,3421
17,card,25.96,Americano,Night,Fri,Mar,5,3,14-03-2025,22:14.7,3422
17,card,35.76,Latte,Night,Fri,Mar,5,3,14-03-2025,27:15.3,3423
17,card,35.76,Latte,Night,Fri,Mar,5,3,14-03-2025,28:38.3,3424
20,card,25.96,Americano,Night,Fri,Mar,5,3,14-03-2025,20:22.0,3425
21,card,25.96,Americano,Night,Fri,Mar,5,3,14-03-2025,40:43.6,3426
9,card,30.86,Americano with Milk,Morning,Sat,Mar,6,3,15-03-2025,53:22.3,3427
10,card,35.76,Cappuccino,Morning,Sat,Mar,6,3,15-03-2025,03:22.5,3428
13,card,25.96,Americano,Afternoon,Sat,Mar,6,3,15-03-2025,55:42.0,3429
17,card,35.76,Cappuccino,Night,Sat,Mar,6,3,15-03-2025,10:23.4,3430
17,card,30.86,Americano with Milk,Night,Sat,Mar,6,3,15-03-2025,12:08.4,3431
19,card,30.86,Americano with Milk,Night,Sat,Mar,6,3,15-03-2025,30:36.5,3432
19,card,35.76,Cappuccino,Night,Sat,Mar,6,3,15-03-2025,51:27.1,3433
9,card,35.76,Cappuccino,Morning,Sun,Mar,7,3,16-03-2025,32:17.3,3434
9,card,30.86,Americano with Milk,Morning,Sun,Mar,7,3,16-03-2025,36:23.2,3435
10,card,35.76,Latte,Morning,Sun,Mar,7,3,16-03-2025,50:09.4,3436
12,card,35.76,Hot Chocolate,Afternoon,Sun,Mar,7,3,16-03-2025,00:47.1,3437
14,card,25.96,Americano,Afternoon,Sun,Mar,7,3,16-03-2025,22:42.6,3438
6,card,25.96,Americano,Morning,Mon,Mar,1,3,17-03-2025,54:40.6,3439
8,card,25.96,Americano,Morning,Mon,Mar,1,3,17-03-2025,09:50.1,3440
8,card,25.96,Americano,Morning,Mon,Mar,1,3,17-03-2025,18:02.7,3441
9,card,30.86,Americano with Milk,Morning,Mon,Mar,1,3,17-03-2025,02:59.0,3442
10,card,25.96,Americano,Morning,Mon,Mar,1,3,17-03-2025,32:39.5,3443
13,card,25.96,Americano,Afternoon,Mon,Mar,1,3,17-03-2025,59:01.0,3444
14,card,35.76,Cocoa,Afternoon,Mon,Mar,1,3,17-03-2025,21:24.5,3445
14,card,35.76,Cocoa,Afternoon,Mon,Mar,1,3,17-03-2025,22:19.7,3446
14,card,35.76,Latte,Afternoon,Mon,Mar,1,3,17-03-2025,48:03.5,3447
15,card,35.76,Cappuccino,Afternoon,Mon,Mar,1,3,17-03-2025,11:17.3,3448
15,card,35.76,Latte,Afternoon,Mon,Mar,1,3,17-03-2025,47:15.9,3449
15,card,35.76,Latte,Afternoon,Mon,Mar,1,3,17-03-2025,48:58.5,3450
16,card,25.96,Americano,Afternoon,Mon,Mar,1,3,17-03-2025,46:44.6,3451
8,card,30.86,Americano with Milk,Morning,Tue,Mar,2,3,18-03-2025,23:11.0,3452
8,card,35.76,Latte,Morning,Tue,Mar,2,3,18-03-2025,33:49.6,3453
10,card,35.76,Latte,Morning,Tue,Mar,2,3,18-03-2025,49:51.4,3454
10,card,25.96,Americano,Morning,Tue,Mar,2,3,18-03-2025,51:17.7,3455
11,card,35.76,Hot Chocolate,Morning,Tue,Mar,2,3,18-03-2025,47:20.0,3456
11,card,35.76,Hot Chocolate,Morning,Tue,Mar,2,3,18-03-2025,48:55.7,3457
14,card,30.86,Americano with Milk,Afternoon,Tue,Mar,2,3,18-03-2025,43:35.1,3458
15,card,25.96,Americano,Afternoon,Tue,Mar,2,3,18-03-2025,03:53.4,3459
15,card,30.86,Americano with Milk,Afternoon,Tue,Mar,2,3,18-03-2025,11:07.4,3460
16,card,25.96,Americano,Afternoon,Tue,Mar,2,3,18-03-2025,09:07.6,3461
16,card,35.76,Latte,Afternoon,Tue,Mar,2,3,18-03-2025,11:45.1,3462
16,card,21.06,Espresso,Afternoon,Tue,Mar,2,3,18-03-2025,23:20.6,3463
18,card,35.76,Cocoa,Night,Tue,Mar,2,3,18-03-2025,42:30.6,3464
18,card,35.76,Cocoa,Night,Tue,Mar,2,3,18-03-2025,43:17.5,3465
20,card,35.76,Cocoa,Night,Tue,Mar,2,3,18-03-2025,00:35.0,3466
20,card,35.76,Cocoa,Night,Tue,Mar,2,3,18-03-2025,01:37.7,3467
21,card,35.76,Latte,Night,Tue,Mar,2,3,18-03-2025,20:40.0,3468
7,card,25.96,Americano,Morning,Wed,Mar,3,3,19-03-2025,03:07.1,3469
7,card,25.96,Americano,Morning,Wed,Mar,3,3,19-03-2025,04:08.6,3470
7,card,35.76,Cappuccino,Morning,Wed,Mar,3,3,19-03-2025,06:34.9,3471
8,card,25.96,Americano,Morning,Wed,Mar,3,3,19-03-2025,03:18.3,3472
10,card,35.76,Hot Chocolate,Morning,Wed,Mar,3,3,19-03-2025,18:39.2,3473
11,card,25.96,Americano,Morning,Wed,Mar,3,3,19-03-2025,55:39.8,3474
12,card,25.96,Americano,Afternoon,Wed,Mar,3,3,19-03-2025,58:27.2,3475
15,card,35.76,Latte,Afternoon,Wed,Mar,3,3,19-03-2025,12:53.2,3476
15,card,35.76,Latte,Afternoon,Wed,Mar,3,3,19-03-2025,14:23.4,3477
16,card,35.76,Latte,Afternoon,Wed,Mar,3,3,19-03-2025,19:33.9,3478
16,card,25.96,Americano,Afternoon,Wed,Mar,3,3,19-03-2025,29:56.3,3479
16,card,35.76,Cappuccino,Afternoon,Wed,Mar,3,3,19-03-2025,40:33.8,3480
16,card,35.76,Cappuccino,Afternoon,Wed,Mar,3,3,19-03-2025,42:16.0,3481
16,card,25.96,Americano,Afternoon,Wed,Mar,3,3,19-03-2025,51:35.2,3482
16,card,25.96,Americano,Afternoon,Wed,Mar,3,3,19-03-2025,52:29.7,3483
17,card,35.76,Cocoa,Night,Wed,Mar,3,3,19-03-2025,00:00.0,3484
17,card,30.86,Americano with Milk,Night,Wed,Mar,3,3,19-03-2025,09:55.0,3485
17,card,30.86,Americano with Milk,Night,Wed,Mar,3,3,19-03-2025,27:39.7,3486
18,card,25.96,Cortado,Night,Wed,Mar,3,3,19-03-2025,29:50.4,3487
18,card,21.06,Espresso,Night,Wed,Mar,3,3,19-03-2025,30:44.0,3488
18,card,21.06,Espresso,Night,Wed,Mar,3,3,19-03-2025,31:26.0,3489
8,card,30.86,Americano with Milk,Morning,Thu,Mar,4,3,20-03-2025,13:16.3,3490
9,card,30.86,Americano with Milk,Morning,Thu,Mar,4,3,20-03-2025,52:04.8,3491
10,card,30.86,Americano with Milk,Morning,Thu,Mar,4,3,20-03-2025,06:44.3,3492
10,card,25.96,Americano,Morning,Thu,Mar,4,3,20-03-2025,45:44.2,3493
10,card,25.96,Americano,Morning,Thu,Mar,4,3,20-03-2025,55:17.4,3494
12,card,25.96,Americano,Afternoon,Thu,Mar,4,3,20-03-2025,48:24.4,3495
14,card,25.96,Americano,Afternoon,Thu,Mar,4,3,20-03-2025,04:43.9,3496
14,card,25.96,Americano,Afternoon,Thu,Mar,4,3,20-03-2025,20:37.9,3497
14,card,21.06,Espresso,Afternoon,Thu,Mar,4,3,20-03-2025,21:41.9,3498
14,card,25.96,Cortado,Afternoon,Thu,Mar,4,3,20-03-2025,25:04.7,3499
14,card,35.76,Cappuccino,Afternoon,Thu,Mar,4,3,20-03-2025,26:46.7,3500
14,card,35.76,Cappuccino,Afternoon,Thu,Mar,4,3,20-03-2025,59:47.5,3501
15,card,25.96,Americano,Afternoon,Thu,Mar,4,3,20-03-2025,05:22.4,3502
15,card,25.96,Americano,Afternoon,Thu,Mar,4,3,20-03-2025,21:51.8,3503
16,card,35.76,Cappuccino,Afternoon,Thu,Mar,4,3,20-03-2025,45:45.0,3504
17,card,25.96,Americano,Night,Thu,Mar,4,3,20-03-2025,23:51.4,3505
18,card,35.76,Hot Chocolate,Night,Thu,Mar,4,3,20-03-2025,55:58.7,3506
19,card,35.76,Cocoa,Night,Thu,Mar,4,3,20-03-2025,36:41.6,3507
19,card,35.76,Cappuccino,Night,Thu,Mar,4,3,20-03-2025,57:48.5,3508
21,card,35.76,Latte,Night,Thu,Mar,4,3,20-03-2025,50:15.6,3509
7,card,30.86,Americano with Milk,Morning,Fri,Mar,5,3,21-03-2025,06:12.0,3510
7,card,30.86,Americano with Milk,Morning,Fri,Mar,5,3,21-03-2025,09:08.1,3511
8,card,25.96,Americano,Morning,Fri,Mar,5,3,21-03-2025,16:43.7,3512
8,card,25.96,Americano,Morning,Fri,Mar,5,3,21-03-2025,28:36.5,3513
8,card,25.96,Americano,Morning,Fri,Mar,5,3,21-03-2025,29:20.9,3514
8,card,35.76,Cappuccino,Morning,Fri,Mar,5,3,21-03-2025,35:19.0,3515
11,card,25.96,Americano,Morning,Fri,Mar,5,3,21-03-2025,50:09.3,3516
11,card,35.76,Latte,Morning,Fri,Mar,5,3,21-03-2025,51:07.5,3517
13,card,25.96,Americano,Afternoon,Fri,Mar,5,3,21-03-2025,02:48.3,3518
13,card,35.76,Latte,Afternoon,Fri,Mar,5,3,21-03-2025,23:57.0,3519
14,card,35.76,Cappuccino,Afternoon,Fri,Mar,5,3,21-03-2025,11:44.1,3520
15,card,35.76,Cappuccino,Afternoon,Fri,Mar,5,3,21-03-2025,09:03.0,3521
15,card,25.96,Americano,Afternoon,Fri,Mar,5,3,21-03-2025,24:42.5,3522
15,card,35.76,Latte,Afternoon,Fri,Mar,5,3,21-03-2025,28:19.6,3523
15,card,35.76,Cappuccino,Afternoon,Fri,Mar,5,3,21-03-2025,29:32.3,3524
17,card,35.76,Hot Chocolate,Night,Fri,Mar,5,3,21-03-2025,01:28.8,3525
17,card,35.76,Latte,Night,Fri,Mar,5,3,21-03-2025,21:16.9,3526
17,card,35.76,Latte,Night,Fri,Mar,5,3,21-03-2025,22:49.9,3527
18,card,35.76,Latte,Night,Fri,Mar,5,3,21-03-2025,52:12.7,3528
18,card,25.96,Americano,Night,Fri,Mar,5,3,21-03-2025,59:24.3,3529
9,card,30.86,Americano with Milk,Morning,Sat,Mar,6,3,22-03-2025,05:13.1,3530
10,card,30.86,Americano with Milk,Morning,Sat,Mar,6,3,22-03-2025,30:09.4,3531
11,card,35.76,Hot Chocolate,Morning,Sat,Mar,6,3,22-03-2025,14:06.0,3532
11,card,35.76,Cocoa,Morning,Sat,Mar,6,3,22-03-2025,41:20.6,3533
12,card,30.86,Americano with Milk,Afternoon,Sat,Mar,6,3,22-03-2025,18:27.5,3534
12,card,25.96,Americano,Afternoon,Sat,Mar,6,3,22-03-2025,25:59.7,3535
13,card,25.96,Americano,Afternoon,Sat,Mar,6,3,22-03-2025,06:21.6,3536
13,card,30.86,Americano with Milk,Afternoon,Sat,Mar,6,3,22-03-2025,23:17.9,3537
15,card,21.06,Espresso,Afternoon,Sat,Mar,6,3,22-03-2025,57:58.2,3538
16,card,35.76,Latte,Afternoon,Sat,Mar,6,3,22-03-2025,26:59.8,3539
17,card,30.86,Americano with Milk,Night,Sat,Mar,6,3,22-03-2025,53:35.9,3540
19,card,30.86,Americano with Milk,Night,Sat,Mar,6,3,22-03-2025,16:52.7,3541
10,card,35.76,Latte,Morning,Sun,Mar,7,3,23-03-2025,07:11.3,3542
10,card,35.76,Cappuccino,Morning,Sun,Mar,7,3,23-03-2025,34:54.9,3543
14,card,35.76,Cocoa,Afternoon,Sun,Mar,7,3,23-03-2025,43:37.4,3544
14,card,35.76,Cocoa,Afternoon,Sun,Mar,7,3,23-03-2025,44:16.9,3545
15,card,25.96,Americano,Afternoon,Sun,Mar,7,3,23-03-2025,47:28.7,3546
18,card,35.76,Latte,Night,Sun,Mar,7,3,23-03-2025,11:38.6,3547
